date , max_temp , min_temp , weather , wind_dir , wind_force
2011-01-01 , 5 , -1 , 雨夹雪 , 无持续风向 , 微风
2011-01-02 , 7 , 0 , 多云 , 无持续风向~北风 , 微风
2011-01-03 , 6 , 0 , 雨夹雪 , 北风 , 微风
2011-01-04 , 4 , -2 , 雨夹雪~阴 , 北风 , 微风
2011-01-05 , 5 , -1 , 多云 , 北风 , 微风
2011-01-06 , 6 , 0 , 多云~晴 , 北风 , 微风
2011-01-07 , 6 , 0 , 阴 , 东北风 , 微风
2011-01-08 , 4 , -2 , 雨夹雪 , 东北风 , 微风
2011-01-09 , 4 , -2 , 雨夹雪 , 北风 , 4-5级
2011-01-10 , 2 , -1 , 小雪 , 北风 , 微风
2011-01-11 , 4 , -2 , 中雪~小雪 , 东北风~北风 , 3-4级~4-5级
2011-01-12 , 5 , 0 , 阴 , 北风 , 微风
2011-01-13 , 6 , -1 , 多云 , 东北风 , 微风
2011-01-14 , 4 , -3 , 多云~晴 , 北风~东风 , 微风
2011-01-15 , 4 , -2 , 多云~阴 , 北风 , 3-4级
2011-01-16 , 3 , -2 , 阴~雨夹雪 , 北风 , 微风
2011-01-26 , 5 , 0 , 阴~雨夹雪 , 东风 , 微风
2011-01-29 , 4 , -2 , 多云 , 东北风 , 微风
2011-01-30 , 5 , -1 , 多云~晴 , 东北风 , 微风
2011-01-31 , 6 , 0 , 晴~多云 , 北风 , 微风
2011-02-01 , 9 , 1 , 多云 , 北风 , 微风
2011-02-02 , 11 , 3 , 晴 , 南风 , 微风
2011-02-03 , 15 , 3 , 晴~多云 , 南风~东南风 , 微风
2011-02-04 , 15 , 3 , 晴~多云 , 无持续风向 , 微风
2011-02-05 , 16 , 5 , 多云~晴 , 东北风 , 微风
2011-02-06 , 15 , 4 , 阴~多云 , 南风 , 微风
2011-02-07 , 19 , 6 , 多云 , 无持续风向 , 微风
2011-02-08 , 19 , 6 , 多云 , 北风 , 微风
2011-02-09 , 13 , 3 , 阴~小雨 , 北风 , 5-6级~4-5级
2011-02-10 , 5 , 0 , 中雨~小雨 , 东北风 , 微风
2011-02-11 , 5 , -1 , 多云 , 北风 , 微风
2011-02-12 , 7 , 1 , 多云~小雨 , 北风 , 微风
2011-02-13 , 4 , -1 , 雨夹雪 , 东北风 , 微风
2011-02-14 , 6 , -2 , 阴~多云 , 无持续风向 , 微风
2011-02-15 , 7 , 1 , 多云~阴 , 东北风 , 微风
2011-02-16 , 6 , 2 , 小雨 , 东风 , 微风
2011-02-17 , 6 , 3 , 小雨~阴 , 东北风 , 微风
2011-02-18 , 7 , 3 , 阴~小雨 , 北风 , 微风
2011-02-19 , 8 , 2 , 阴~多云 , 无持续风向 , 微风
2011-02-20 , 11 , 2 , 多云~晴 , 东北风 , 微风
2011-02-21 , 13 , 4 , 晴~多云 , 东北风 , 微风
2011-02-22 , 15 , 6 , 晴~多云 , 东风 , 微风
2011-02-23 , 16 , 8 , 多云 , 东南风 , 微风
2011-02-24 , 21 , 8 , 晴~多云 , 东风 , 微风
2011-02-25 , 13 , 6 , 阴~阵雨 , 东北风 , 微风
2011-02-26 , 17 , 8 , 多云~阴 , 无持续风向 , 微风
2011-02-27 , 20 , 6 , 多云~阵雨 , 南风~北风 , 微风
2011-02-28 , 8 , 4 , 小雨 , 北风 , 5-6级~4-5级
2011-03-01 , 7 , 2 , 阴~多云 , 北风 , 微风
2011-03-02 , 9 , 1 , 晴~多云 , 无持续风向 , 微风
2011-03-03 , 9 , 1 , 阴~多云 , 北风 , 微风
2011-03-04 , 12 , 3 , 晴~多云 , 北风 , 微风
2011-03-05 , 14 , 4 , 多云~小到中雨 , 东风 , 微风
2011-03-06 , 9 , 4 , 中雨~小雨 , 无持续风向 , 微风
2011-03-07 , 11 , 3 , 多云~晴 , 北风 , 微风
2011-03-08 , 16 , 5 , 晴~多云 , 无持续风向 , 微风
2011-03-09 , 14 , 3 , 多云 , 北风~南风 , 微风
2011-03-10 , 18 , 6 , 晴~多云 , 东北风 , 微风
2011-03-11 , 16 , 7 , 多云~阴 , 无持续风向 , 微风
2011-03-12 , 20 , 9 , 多云~阴 , 无持续风向 , 微风
2011-03-13 , 22 , 8 , 多云~阵雨 , 南风 , 3-4级
2011-03-14 , 16 , 5 , 小雨~小到中雨 , 北风 , 4-5级~5-6级
2011-03-15 , 8 , 3 , 小雨~阴 , 北风 , 5-6级~4-5级
2011-03-16 , 14 , 5 , 多云 , 北风 , 微风
2011-03-17 , 17 , 6 , 多云 , 无持续风向 , 微风
2011-03-18 , 15 , 9 , 阴~阵雨 , 南风 , 微风
2011-03-19 , 16 , 11 , 阵雨 , 南风 , 微风
2011-03-20 , 16 , 7 , 阵雨~中雨 , 东风~东北风 , 微风
2011-03-21 , 8 , 3 , 中雨~小雨 , 北风 , 5-6级~3-4级
2011-03-22 , 7 , 3 , 小雨~阴 , 无持续风向 , 微风
2011-03-23 , 11 , 4 , 多云 , 北风 , 微风
2011-03-24 , 15 , 4 , 多云 , 北风 , 微风
2011-03-25 , 16 , 5 , 晴~多云 , 北风 , 微风
2011-03-26 , 16 , 6 , 晴~多云 , 北风~南风 , 微风
2011-03-27 , 17 , 6 , 多云~晴 , 无持续风向 , 微风
2011-03-28 , 19 , 7 , 晴 , 南风 , 微风
2011-03-29 , 17 , 7 , 多云~晴 , 北风 , 微风
2011-03-30 , 20 , 8 , 晴~多云 , 东风 , 微风
2011-03-31 , 22 , 11 , 晴~多云 , 南风 , 微风
2011-04-01 , 24 , 11 , 多云 , 南风 , 微风
2011-04-02 , 18 , 7 , 阴~小雨 , 东风~东北风 , 微风~4-5级
2011-04-03 , 8 , 5 , 小雨~阴 , 东北风~北风 , 4-5级
2011-04-04 , 15 , 6 , 多云 , 北风 , 微风
2011-04-05 , 17 , 9 , 晴~多云 , 北风 , 微风
2011-04-06 , 19 , 12 , 多云~阵雨 , 无持续风向 , 微风
2011-04-07 , 17 , 11 , 阵雨 , 北风 , 微风
2011-04-08 , 17 , 10 , 阴 , 东风~南风 , 微风
2011-04-09 , 22 , 15 , 阴~阵雨 , 东南风 , 微风
2011-04-10 , 22 , 16 , 阴~小雨 , 东南风 , 微风
2011-04-11 , 20 , 10 , 多云~晴 , 北风 , 微风
2011-04-12 , 22 , 12 , 晴~多云 , 东风 , 微风
2011-04-13 , 20 , 14 , 阴~多云 , 南风 , 微风
2011-04-14 , 27 , 16 , 阴~阵雨 , 南风 , 微风
2011-04-15 , 26 , 16 , 雷阵雨~中到大雨 , 南风~北风 , 3-4级~4-5级
2011-04-16 , 18 , 10 , 小雨~阴 , 北风~东北风 , 4-5级
2011-04-17 , 22 , 12 , 多云~晴 , 东北风 , 微风
2011-04-18 , 21 , 10 , 晴 , 北风 , 4-5级~微风
2011-04-19 , 21 , 12 , 晴 , 北风~南风 , 微风
2011-04-20 , 24 , 12 , 晴~多云 , 北风~南风 , 微风
2011-04-21 , 23 , 16 , 多云~阵雨 , 东南风~北风 , 3-4级~4-5级
2011-04-22 , 21 , 13 , 小雨~多云 , 北风 , 4-5级~微风
2011-04-23 , 25 , 15 , 晴~多云 , 南风 , 微风
2011-04-24 , 25 , 15 , 晴 , 东北风~南风 , 微风
2011-04-25 , 30 , 16 , 晴~多云 , 南风 , 微风
2011-04-26 , 34 , 19 , 晴~阵雨 , 西南风 , 4-5级
2011-04-27 , 27 , 15 , 多云 , 北风 , 微风
2011-04-28 , 27 , 15 , 晴~多云 , 东南风~南风 , 微风
2011-04-29 , 33 , 20 , 多云~阴 , 南风 , 微风
2011-04-30 , 28 , 16 , 阵雨 , 南风~北风 , 3-4级~4-5级
2011-05-01 , 27 , 16 , 阵雨~多云 , 东北风 , 3-4级
2011-05-02 , 26 , 16 , 多云~大雨 , 东风 , 微风
2011-05-03 , 17 , 12 , 阴 , 东北风 , 3-4级~微风
2011-05-04 , 17 , 12 , 阴~多云 , 东风 , 微风
2011-05-05 , 25 , 16 , 多云 , 南风 , 微风
2011-05-06 , 29 , 19 , 阴~多云 , 东南风 , 微风
2011-05-07 , 33 , 21 , 晴 , 西南风 , 4-5级~3-4级
2011-05-08 , 35 , 23 , 晴~多云 , 西南风 , 4-5级
2011-05-09 , 33 , 23 , 阴~多云 , 南风 , 微风
2011-05-10 , 35 , 23 , 多云~雷阵雨 , 南风 , 微风
2011-05-11 , 26 , 20 , 阵雨~阴 , 北风 , 微风
2011-05-12 , 26 , 18 , 阴~多云 , 北风 , 微风
2011-05-13 , 28 , 20 , 多云~晴 , 北风~南风 , 微风
2011-05-14 , 28 , 20 , 多云~阴 , 南风 , 微风
2011-05-15 , 26 , 18 , 多云~阵雨 , 南风 , 微风
2011-05-16 , 28 , 18 , 多云 , 南风 , 微风
2011-05-17 , 31 , 18 , 多云~晴 , 南风 , 微风
2011-05-18 , 32 , 20 , 晴 , 无持续风向 , 微风
2011-05-19 , 35 , 23 , 晴 , 南风 , 微风
2011-05-20 , 36 , 22 , 晴~多云 , 南风 , 微风
2011-05-21 , 28 , 18 , 阵雨 , 北风 , 3-4级
2011-05-22 , 20 , 16 , 阵雨~小到中雨 , 无持续风向 , 微风
2011-05-23 , 17 , 15 , 小雨~阴 , 东北风 , 微风
2011-05-24 , 21 , 16 , 阴 , 东北风 , 微风
2011-05-25 , 23 , 18 , 阴 , 北风 , 微风
2011-05-26 , 28 , 18 , 多云 , 北风 , 微风
2011-05-27 , 28 , 18 , 多云 , 北风 , 微风
2011-05-28 , 25 , 17 , 阴~多云 , 东北风 , 微风
2011-05-29 , 27 , 20 , 晴~多云 , 东北风~东风 , 微风
2011-05-30 , 32 , 22 , 多云 , 南风 , 微风
2011-05-31 , 30 , 22 , 多云~阵雨 , 南风~北风 , 微风
2011-06-01 , 28 , 21 , 阴~多云 , 东北风 , 微风
2011-06-02 , 31 , 21 , 多云~阵雨 , 南风 , 微风
2011-06-03 , 29 , 22 , 阴~阵雨 , 南风 , 微风
2011-06-04 , 23 , 21 , 中到大雨~大到暴雨 , 南风 , 微风
2011-06-05 , 23 , 21 , 阵雨~中雨 , 北风 , 微风
2011-06-06 , 23 , 21 , 大到暴雨~中到大雨 , 东北风 , 微风
2011-06-07 , 27 , 22 , 阵雨~多云 , 东北风 , 微风
2011-06-08 , 33 , 24 , 多云 , 南风 , 微风
2011-06-09 , 35 , 25 , 多云~阵雨 , 南风 , 微风
2011-06-10 , 28 , 24 , 中到大雨 , 南风 , 微风
2011-06-11 , 23 , 21 , 大到暴雨~中到大雨 , 东北风 , 微风
2011-06-12 , 28 , 22 , 阵雨~阴 , 东北风 , 微风
2011-06-13 , 28 , 23 , 阵雨 , 无持续风向 , 微风
2011-06-14 , 23 , 21 , 大雨~大到暴雨 , 南风 , 微风
2011-06-15 , 24 , 20 , 大到暴雨~中雨 , 东北风 , 微风
2011-06-16 , 26 , 22 , 阵雨~阴 , 北风 , 微风
2011-06-17 , 28 , 23 , 雷阵雨~大到暴雨 , 南风 , 微风
2011-06-18 , 29 , 22 , 大雨~大到暴雨 , 南风~北风 , 微风
2011-06-19 , 24 , 21 , 阵雨 , 东风~东南风 , 微风
2011-06-20 , 29 , 23 , 阴 , 东风 , 微风
2011-06-21 , 32 , 24 , 雷阵雨~多云 , 东风 , 微风
2011-06-22 , 34 , 24 , 多云 , 南风 , 微风
2011-06-23 , 36 , 26 , 多云 , 南风 , 微风
2011-06-24 , 34 , 26 , 雷阵雨 , 东南风 , 微风
2011-06-25 , 31 , 24 , 中到大雨~阵雨 , 东北风 , 3-4级
2011-06-26 , 31 , 23 , 多云 , 西北风~西风 , 3-4级~微风
2011-06-27 , 33 , 24 , 晴~多云 , 南风 , 微风
2011-06-28 , 34 , 25 , 雷阵雨 , 东南风 , 3-4级
2011-06-29 , 33 , 25 , 雷阵雨 , 南风 , 微风
2011-06-30 , 34 , 26 , 雷阵雨~多云 , 西南风 , 微风
2011-07-01 , 32 , 25 , 阵雨~多云 , 南风 , 3-4级
2011-07-02 , 36 , 27 , 晴~多云 , 西南风 , 微风
2011-07-03 , 37 , 28 , 晴~多云 , 西南风 , 3-4级
2011-07-04 , 36 , 28 , 雷阵雨~多云 , 南风 , 微风
2011-07-05 , 37 , 27 , 雷阵雨~多云 , 南风 , 微风
2011-07-06 , 36 , 27 , 多云 , 南风 , 3-4级
2011-07-07 , 36 , 27 , 多云 , 南风 , 微风
2011-07-08 , 34 , 27 , 雷阵雨~阵雨 , 南风 , 微风
2011-07-09 , 32 , 26 , 雷阵雨 , 东北风 , 微风
2011-07-10 , 34 , 26 , 雷阵雨~阴 , 东南风 , 3-4级
2011-07-11 , 33 , 26 , 多云 , 东南风~南风 , 3-4级~微风
2011-07-12 , 33 , 25 , 雷阵雨 , 南风 , 微风
2011-07-13 , 32 , 25 , 小到中雨~雷阵雨 , 南风 , 微风
2011-07-14 , 32 , 26 , 雷阵雨 , 东南风~北风 , 3-4级
2011-07-15 , 33 , 26 , 多云~阴 , 南风 , 微风
2011-07-16 , 33 , 26 , 雷阵雨~多云 , 东南风 , 3-4级
2011-07-17 , 33 , 25 , 雷阵雨~多云 , 南风 , 微风
2011-07-18 , 33 , 26 , 阵雨~雷阵雨 , 东南风 , 微风
2011-07-19 , 30 , 25 , 中雨~阵雨 , 东北风 , 3-4级
2011-07-20 , 33 , 26 , 多云 , 南风 , 微风
2011-07-21 , 34 , 26 , 雷阵雨~多云 , 南风 , 微风
2011-07-22 , 35 , 27 , 多云~晴 , 南风 , 微风
2011-07-23 , 35 , 27 , 雷阵雨~多云 , 东南风 , 微风
2011-07-24 , 36 , 27 , 雷阵雨~多云 , 东风 , 微风
2011-07-25 , 38 , 27 , 多云 , 南风 , 3-4级
2011-07-26 , 38 , 28 , 多云 , 南风 , 微风
2011-07-27 , 38 , 28 , 晴~多云 , 南风 , 3-4级
2011-07-28 , 37 , 28 , 晴~多云 , 南风 , 3-4级
2011-07-29 , 36 , 28 , 晴~多云 , 东南风 , 微风
2011-07-30 , 36 , 28 , 晴~多云 , 南风 , 3-4级
2011-07-31 , 37 , 27 , 多云 , 东南风 , 3-4级
2011-08-01 , 34 , 26 , 雷阵雨 , 东南风 , 3-4级
2011-08-02 , 34 , 26 , 雷阵雨~多云 , 东南风 , 微风~3-4级
2011-08-03 , 34 , 26 , 雷阵雨 , 东南风 , 微风
2011-08-04 , 34 , 25 , 雷阵雨~多云 , 东北风 , 微风
2011-08-05 , 32 , 25 , 雷阵雨~阵雨 , 东北风 , 3-4级
2011-08-06 , 33 , 24 , 小到中雨~大到暴雨 , 东北风~东风 , 4-5级~6-7级
2011-08-07 , 33 , 25 , 多云 , 西北风~西风 , 4-5级~3-4级
2011-08-08 , 35 , 26 , 雷阵雨~多云 , 西南风 , 3-4级~微风
2011-08-09 , 34 , 26 , 雷阵雨~多云 , 南风 , 微风
2011-08-10 , 36 , 26 , 多云 , 南风 , 微风
2011-08-11 , 35 , 25 , 雷阵雨 , 南风 , 3-4级
2011-08-12 , 30 , 26 , 中到大雨~雷阵雨 , 西南风 , 3-4级
2011-08-13 , 34 , 26 , 雷阵雨~多云 , 南风 , 3-4级
2011-08-14 , 36 , 26 , 雷阵雨~多云 , 西南风~南风 , 微风
2011-08-15 , 35 , 27 , 多云 , 南风 , 微风
2011-08-16 , 37 , 27 , 多云 , 西南风 , 3-4级
2011-08-17 , 36 , 28 , 多云 , 西南风 , 3-4级
2011-08-18 , 35 , 28 , 多云 , 南风 , 微风~3-4级
2011-08-19 , 35 , 27 , 多云 , 南风 , 微风~3-4级
2011-08-20 , 37 , 27 , 多云 , 南风 , 微风
2011-08-21 , 34 , 26 , 雷阵雨 , 东北风 , 微风
2011-08-22 , 32 , 24 , 中雨~中到大雨 , 东北风 , 微风
2011-08-23 , 29 , 22 , 中雨 , 北风~东北风 , 微风
2011-08-24 , 27 , 23 , 中到大雨~阵雨 , 东北风 , 3-4级~微风
2011-08-25 , 27 , 22 , 阵雨 , 东北风 , 微风
2011-08-26 , 30 , 24 , 阵雨~雷阵雨 , 东北风 , 微风
2011-08-27 , 31 , 24 , 阵雨 , 东北风 , 3-4级
2011-08-28 , 32 , 25 , 雷阵雨~多云 , 东南风 , 微风
2011-08-29 , 31 , 24 , 雷阵雨~阵雨 , 东风 , 3-4级~微风
2011-08-30 , 30 , 25 , 大到暴雨~中雨 , 东北风 , 微风
2011-08-31 , 30 , 25 , 阵雨~阴 , 东北风 , 4-5级
2011-09-01 , 31 , 24 , 多云 , 东北风 , 3-4级
2011-09-02 , 31 , 24 , 多云 , 东北风 , 微风
2011-09-03 , 32 , 24 , 晴~多云 , 东北风 , 3-4级~微风
2011-09-04 , 31 , 23 , 晴~多云 , 北风 , 微风
2011-09-05 , 32 , 23 , 晴~多云 , 东北风 , 微风
2011-09-06 , 30 , 22 , 多云 , 北风 , 微风
2011-09-07 , 31 , 23 , 多云~阴 , 东风 , 微风
2011-09-08 , 31 , 23 , 雷阵雨~阵雨 , 南风 , 微风
2011-09-09 , 27 , 23 , 阵雨 , 东北风 , 微风
2011-09-10 , 26 , 22 , 阵雨~阴 , 东北风 , 微风
2011-09-11 , 28 , 23 , 多云 , 东风 , 3-4级
2011-09-12 , 31 , 24 , 多云 , 东风 , 微风
2011-09-13 , 33 , 24 , 多云~晴 , 东南风 , 微风
2011-09-14 , 34 , 25 , 晴~多云 , 东南风 , 微风
2011-09-15 , 34 , 24 , 晴~多云 , 东南风 , 微风
2011-09-16 , 34 , 24 , 多云 , 东南风~东北风 , 微风
2011-09-17 , 33 , 22 , 多云~阵雨 , 东北风 , 微风~3-4级
2011-09-18 , 25 , 19 , 小雨~阴 , 西北风 , 4-5级~3-4级
2011-09-19 , 24 , 18 , 多云~阴 , 北风 , 4-5级~微风
2011-09-20 , 22 , 16 , 阴 , 西北风 , 4-5级~3-4级
2011-09-21 , 23 , 15 , 多云 , 东北风 , 微风
2011-09-22 , 25 , 16 , 多云 , 北风 , 微风
2011-09-23 , 26 , 17 , 多云 , 东北风 , 微风
2011-09-24 , 26 , 18 , 晴~多云 , 东北风 , 微风
2011-09-25 , 27 , 21 , 小雨 , 东北风 , 微风
2011-09-26 , 25 , 22 , 阵雨 , 东北风 , 微风
2011-09-27 , 25 , 22 , 小雨 , 东风 , 微风
2011-09-28 , 28 , 23 , 多云~阴 , 东风~东南风 , 微风
2011-09-29 , 28 , 19 , 中雨~中到大雨 , 北风 , 微风~4-5级
2011-09-30 , 20 , 18 , 中到大雨~小雨 , 北风~东北风 , 4-5级~3-4级
2011-10-01 , 21 , 17 , 小雨 , 东北风 , 3-4级
2011-10-02 , 20 , 17 , 小雨 , 东北风 , 微风
2011-10-03 , 20 , 16 , 阴 , 东北风 , 3-4级
2011-10-04 , 21 , 16 , 阴 , 东北风 , 微风
2011-10-05 , 20 , 16 , 阴~多云 , 北风 , 微风
2011-10-06 , 25 , 17 , 多云 , 东风 , 微风
2011-10-07 , 25 , 16 , 多云 , 北风 , 微风
2011-10-08 , 26 , 17 , 晴 , 东风 , 微风
2011-10-09 , 27 , 17 , 晴~多云 , 东南风 , 微风
2011-10-10 , 25 , 20 , 小雨~阴 , 东北风 , 微风
2011-10-11 , 24 , 19 , 小雨~阴 , 东北风 , 微风
2011-10-12 , 24 , 19 , 阴~阵雨 , 东南风 , 微风
2011-10-13 , 23 , 15 , 中到大雨~中雨 , 北风 , 3-4级
2011-10-14 , 23 , 15 , 阴~多云 , 北风 , 微风
2011-10-15 , 24 , 13 , 多云 , 西北风 , 微风
2011-10-16 , 25 , 15 , 晴 , 北风 , 微风
2011-10-17 , 26 , 15 , 晴 , 东北风 , 微风
2011-10-18 , 24 , 15 , 晴~多云 , 东北风 , 微风
2011-10-19 , 23 , 16 , 多云 , 东北风 , 3-4级
2011-10-20 , 22 , 17 , 小雨 , 东北风 , 微风
2011-10-21 , 24 , 17 , 阴~多云 , 东北风 , 微风
2011-10-22 , 25 , 16 , 晴~多云 , 东北风 , 微风
2011-10-23 , 25 , 17 , 多云~阵雨 , 东南风 , 微风
2011-10-24 , 21 , 13 , 中到大雨~小雨 , 北风~东北风 , 3-4级~微风
2011-10-25 , 17 , 12 , 阴~多云 , 北风 , 3-4级~微风
2011-10-26 , 19 , 12 , 多云 , 东北风 , 微风
2011-10-27 , 21 , 16 , 多云~阴 , 东北风 , 微风
2011-10-28 , 20 , 15 , 小雨 , 东北风 , 微风
2011-10-29 , 20 , 16 , 小雨~阴 , 东风 , 微风
2011-10-30 , 21 , 15 , 阴~多云 , 东北风 , 微风
2011-10-31 , 24 , 16 , 多云 , 东风 , 微风
2011-11-01 , 24 , 16 , 多云 , 东北风 , 微风
2011-11-02 , 23 , 18 , 阵雨 , 东风~东北风 , 微风
2011-11-03 , 21 , 17 , 阵雨 , 东北风 , 微风
2011-11-04 , 23 , 19 , 阵雨 , 东北风 , 微风
2011-11-05 , 22 , 18 , 小到中雨~小雨 , 东风 , 微风
2011-11-06 , 24 , 18 , 阴 , 北风 , 微风
2011-11-07 , 19 , 14 , 阴~小雨 , 北风 , 微风
2011-11-08 , 17 , 12 , 小雨 , 北风 , 微风
2011-11-09 , 15 , 12 , 小到中雨~小雨 , 北风 , 微风
2011-11-10 , 15 , 10 , 小雨~多云 , 西北风~北风 , 微风
2011-11-11 , 17 , 9 , 多云~晴 , 北风 , 微风
2011-11-12 , 21 , 10 , 晴 , 东南风 , 微风
2011-11-13 , 20 , 11 , 多云~阴 , 东风 , 微风
2011-11-14 , 20 , 13 , 多云 , 东北风~东风 , 微风
2011-11-15 , 20 , 13 , 多云 , 东风 , 微风
2011-11-16 , 22 , 15 , 多云~阴 , 东南风 , 微风
2011-11-17 , 24 , 18 , 多云~阴 , 东南风 , 微风
2011-11-18 , 23 , 12 , 中雨 , 东南风~北风 , 微风
2011-11-19 , 16 , 10 , 小雨~阴 , 北风 , 3-4级
2011-11-20 , 15 , 8 , 多云~晴 , 北风 , 3-4级~微风
2011-11-21 , 17 , 9 , 晴~多云 , 东北风 , 微风
2011-11-22 , 17 , 8 , 多云~晴 , 北风 , 微风~3-4级
2011-11-23 , 16 , 6 , 晴 , 北风 , 微风
2011-11-24 , 16 , 6 , 晴 , 北风~东南风 , 微风
2011-11-25 , 17 , 9 , 晴 , 南风 , 微风
2011-11-26 , 21 , 11 , 晴~多云 , 南风 , 微风
2011-11-27 , 23 , 12 , 晴~多云 , 南风 , 微风
2011-11-28 , 23 , 13 , 多云~阴 , 东风~东北风 , 微风
2011-11-29 , 23 , 12 , 阴~小雨 , 东风~北风 , 微风
2011-11-30 , 17 , 6 , 小雨~小到中雨 , 北风 , 5-6级
2011-12-01 , 8 , 2 , 阴 , 西北风 , 4-5级
2011-12-02 , 8 , 2 , 多云 , 西北风 , 3-4级~微风
2011-12-03 , 12 , 4 , 晴~多云 , 北风 , 微风
2011-12-04 , 13 , 5 , 晴~多云 , 东北风~东风 , 微风
2011-12-05 , 14 , 8 , 多云~阴 , 东风 , 微风
2011-12-06 , 16 , 10 , 阴~小雨 , 东南风 , 微风
2011-12-07 , 14 , 6 , 中雨~小雨 , 东北风 , 3-4级~4-5级
2011-12-08 , 7 , 2 , 小雨~阴 , 北风 , 4-5级~3-4级
2011-12-09 , 7 , 0 , 多云 , 北风 , 3-4级
2011-12-10 , 7 , -1 , 晴 , 东北风 , 微风
2011-12-11 , 8 , 0 , 晴 , 北风 , 微风
2011-12-12 , 10 , 3 , 多云 , 北风~东北风 , 微风
2011-12-13 , 12 , 4 , 多云 , 东北风 , 微风
2011-12-14 , 12 , 4 , 多云~阴 , 北风 , 微风
2011-12-15 , 8 , 2 , 小雨~阴 , 北风 , 3-4级
2011-12-16 , 7 , -1 , 晴 , 北风~东北风 , 微风
2011-12-17 , 7 , 0 , 晴~多云 , 北风~东北风 , 微风
2011-12-18 , 8 , 2 , 多云 , 北风 , 微风
2011-12-19 , 10 , 4 , 多云 , 北风 , 微风
2011-12-20 , 11 , 4 , 小雨 , 东风 , 微风
2011-12-21 , 8 , 1 , 小雨~阴 , 北风 , 3-4级~4-5级
2011-12-22 , 6 , -1 , 阴~多云 , 北风 , 3-4级~微风
2011-12-23 , 8 , -2 , 晴 , 北风 , 微风
2011-12-24 , 8 , -1 , 晴 , 东北风 , 3-4级
2011-12-25 , 9 , 1 , 晴 , 北风 , 微风
2011-12-26 , 11 , 3 , 多云 , 东风 , 微风
2011-12-27 , 10 , 5 , 多云~阴 , 东风~东北风 , 微风
2011-12-28 , 12 , 6 , 阴 , 东风 , 微风
2011-12-29 , 10 , 5 , 阴~多云 , 无持续风向 , 微风
2011-12-30 , 9 , 3 , 多云 , 北风 , 微风
2011-12-31 , 10 , 3 , 多云 , 东北风 , 微风
2012-01-01 , 10 , 2 , 晴~多云 , 东北风 , 微风
2012-01-02 , 9 , 4 , 多云 , 东北风~北风 , 微风
2012-01-03 , 7 , 0 , 阴 , 北风 , 微风
2012-01-04 , 4 , -1 , 多云 , 无持续风向 , 微风
2012-01-05 , 5 , 0 , 阴~小雨 , 东风 , 微风
2012-01-06 , 5 , 2 , 阴 , 北风 , 微风
2012-01-07 , 7 , 3 , 多云~阴 , 东北风 , 微风
2012-01-08 , 7 , 4 , 小雨~阴 , 东风 , 微风
2012-01-09 , 6 , 4 , 阴 , 东北风 , 微风
2012-01-10 , 7 , 4 , 阴 , 东北风 , 微风
2012-01-11 , 8 , 4 , 阴 , 北风 , 微风
2012-01-12 , 7 , 3 , 多云~阴 , 东北风 , 微风
2012-01-13 , 9 , 5 , 小雨 , 东风 , 微风
2012-01-14 , 8 , 4 , 中到大雨 , 东北风 , 微风
2012-01-16 , 6 , 3 , 小雨~阴 , 东北风 , 微风
2012-01-17 , 8 , 5 , 多云~小雨 , 东北风 , 微风
2012-01-18 , 7 , 5 , 小到中雨~中雨 , 东北风 , 微风
2012-01-19 , 8 , 5 , 小雨 , 东北风 , 微风
2012-01-20 , 7 , 1 , 阴~小雨 , 北风 , 微风~3-4级
2012-01-21 , 5 , -1 , 雨夹雪~中到大雪 , 北风 , 3-4级
2012-01-22 , 2 , -2 , 小雪~多云 , 北风 , 3-4级
2012-01-23 , 3 , -2 , 多云 , 北风 , 微风
2012-01-24 , 3 , -2 , 多云~阴 , 无持续风向 , 微风
2012-01-25 , 4 , -1 , 晴~多云 , 北风 , 微风
2012-01-26 , 7 , -1 , 多云 , 东南风 , 微风
2012-01-27 , 7 , 2 , 小雨 , 东北风 , 微风
2012-01-28 , 6 , 3 , 小雨 , 北风 , 微风
2012-01-29 , 6 , 3 , 小雨 , 北风 , 微风
2012-01-30 , 6 , 2 , 小雨~阴 , 东北风 , 微风
2012-01-31 , 8 , 1 , 多云 , 东北风 , 微风
2012-02-01 , 7 , 1 , 阴 , 北风 , 3-4级
2012-02-02 , 5 , 1 , 阴~多云 , 北风 , 3-4级
2012-02-03 , 6 , 1 , 晴~多云 , 北风 , 微风
2012-02-04 , 9 , 4 , 多云~小雨 , 东北风 , 微风
2012-02-05 , 10 , 4 , 阴~中雨 , 东风 , 微风
2012-02-06 , 7 , 0 , 中到大雨~小到中雨 , 北风 , 4-5级
2012-02-07 , 4 , -2 , 阴~多云 , 北风 , 4-5级~微风
2012-02-08 , 5 , -1 , 晴~多云 , 北风 , 微风
2012-02-09 , 5 , 2 , 多云~小雨 , 东风 , 微风
2012-02-10 , 4 , 1 , 雨夹雪~小雨 , 无持续风向 , 微风
2012-02-11 , 7 , 2 , 阴~小雨 , 北风 , 微风
2012-02-12 , 8 , 4 , 小雨 , 东北风 , 微风
2012-02-13 , 10 , 5 , 小雨 , 东风 , 微风
2012-02-14 , 7 , 4 , 小雨~中雨 , 东北风 , 微风
2012-02-15 , 5 , 2 , 小雨 , 北风 , 4-5级
2012-02-16 , 5 , 1 , 小雨~阴 , 东北风 , 微风
2012-02-17 , 8 , 1 , 阴~多云 , 北风 , 微风
2012-02-18 , 7 , 0 , 多云 , 北风 , 微风
2012-02-19 , 8 , 1 , 晴~多云 , 东风 , 微风
2012-02-20 , 10 , 5 , 多云~小雨 , 东北风 , 微风
2012-02-21 , 12 , 6 , 小雨~小到中雨 , 东北风 , 微风
2012-02-22 , 13 , 8 , 中到大雨 , 东风 , 微风
2012-02-23 , 11 , 6 , 小到中雨~小雨 , 东北风 , 微风
2012-02-24 , 6 , 2 , 阴 , 东北风 , 微风
2012-02-25 , 5 , 2 , 小雨~阴 , 东北风 , 3-4级
2012-02-26 , 4 , 0 , 阴 , 北风 , 微风
2012-02-27 , 6 , 2 , 小雨 , 北风 , 微风
2012-02-28 , 5 , 2 , 雨夹雪~阴 , 东北风~东南风 , 3-4级
2012-02-29 , 9 , 6 , 小雨 , 东风 , 微风
2012-03-01 , 9 , 6 , 小雨~中雨 , 东风 , 微风
2012-03-02 , 8 , 4 , 中到大雨~大雨 , 东风 , 微风
2012-03-03 , 8 , 6 , 中雨 , 东北风 , 微风
2012-03-04 , 9 , 6 , 大雨 , 东北风 , 微风
2012-03-05 , 8 , 5 , 中雨~小雨 , 北风~东北风 , 微风
2012-03-06 , 12 , 6 , 阴~小到中雨 , 东北风 , 微风
2012-03-07 , 7 , 5 , 中雨 , 东北风 , 微风
2012-03-08 , 6 , 3 , 中雨~小到中雨 , 东北风 , 微风
2012-03-09 , 6 , 2 , 小雨~阴 , 东北风 , 微风
2012-03-10 , 9 , 3 , 多云 , 东北风 , 微风
2012-03-11 , 9 , 1 , 多云 , 东风 , 微风
2012-03-12 , 12 , 4 , 晴~多云 , 东北风 , 微风
2012-03-13 , 13 , 5 , 多云 , 东风 , 微风
2012-03-14 , 16 , 7 , 多云~阵雨 , 东南风 , 微风
2012-03-15 , 15 , 8 , 阵雨~小到中雨 , 东南风~南风 , 微风
2012-03-16 , 20 , 11 , 多云 , 东风 , 微风
2012-03-17 , 17 , 8 , 阵雨~小到中雨 , 无持续风向 , 微风
2012-03-18 , 12 , 8 , 阴~阵雨 , 东北风 , 微风
2012-03-19 , 10 , 8 , 小到中雨~小雨 , 东北风 , 微风
2012-03-20 , 10 , 6 , 小雨~阴 , 东北风~东南风 , 微风
2012-03-21 , 15 , 9 , 多云 , 东北风 , 微风
2012-03-22 , 22 , 8 , 阵雨~大雨 , 东南风~北风 , 微风~4-5级
2012-03-23 , 14 , 5 , 小到中雨~多云 , 北风 , 4-5级
2012-03-24 , 17 , 5 , 晴 , 北风 , 微风
2012-03-25 , 21 , 10 , 晴 , 西南风 , 微风
2012-03-26 , 23 , 10 , 晴 , 南风 , 微风
2012-03-27 , 23 , 10 , 晴 , 东风 , 微风
2012-03-28 , 26 , 13 , 晴~多云 , 东风~南风 , 微风
2012-03-29 , 22 , 11 , 阵雨 , 东风 , 微风
2012-03-30 , 16 , 8 , 大雨~小雨 , 北风 , 4-5级~5-6级
2012-03-31 , 19 , 7 , 多云 , 北风 , 微风
2012-04-12 , 19 , 13 , 大雨转小雨 , 东风 , 小于3级
2012-04-13 , 22 , 13 , 阴转阵雨 , 东南风 , 小于3级
2012-04-14 , 20 , 13 , 阵雨 , 东南风 , 小于3级
2012-04-15 , 22 , 12 , 阵雨转多云 , 东北风 , 小于3级
2012-04-16 , 24 , 13 , 多云转阴 , 东风 , 小于3级
2012-04-17 , 20 , 14 , 阵雨转中雨 , 东风 , 小于3级
2012-04-18 , 22 , 13 , 阵雨转小到中雨 , 南风 , 小于3级
2012-04-19 , 25 , 15 , 多云转阵雨 , 北风 , 小于3级
2012-04-20 , 27 , 16 , 雷阵雨转中到大雨 , 西南风 , 3-4级
2012-04-21 , 28 , 13 , 多云转晴 , 西北风 , 小于3级
2012-04-22 , 29 , 16 , 晴转多云 , 西风 , 小于3级
2012-04-23 , 29 , 18 , 多云转雷阵雨 , 东南风 , 4-5级转3-4级
2012-04-24 , 23 , 17 , 暴雨转小雨 , 南风 , 3-4级转4-5级
2012-04-25 , 27 , 16 , 多云转晴 , 西北风 , 小于3级
2012-04-26 , 29 , 15 , 晴转多云 , 东风 , 小于3级
2012-04-27 , 29 , 16 , 多云转雷阵雨 , 南风 , 小于3级
2012-04-28 , 25 , 19 , 中雨 , 东风 , 小于3级
2012-04-29 , 25 , 18 , 阵雨转雷阵雨 , 西南风 , 小于3级
2012-04-30 , 22 , 18 , 暴雨转大雨 , 东风 , 小于3级
2012-05-01 , 26 , 17 , 阴转多云 , 北风 , 小于3级
2012-05-02 , 28 , 17 , 多云 , 西北风 , 3-4级转小于3级
2012-05-03 , 25 , 18 , 阵雨转多云 , 北风 , 小于3级
2012-05-04 , 31 , 19 , 多云转晴 , 东风 , 小于3级
2012-05-05 , 33 , 20 , 晴 , 南风 , 小于3级
2012-05-06 , 33 , 20 , 晴转多云 , 西南风 , 小于3级
2012-05-07 , 28 , 20 , 大雨 , 北风 , 3-4级
2012-05-08 , 28 , 19 , 多云 , 西北风 , 小于3级
2012-05-09 , 27 , 17 , 多云 , 东北风 , 小于3级
2012-05-10 , 28 , 17 , 多云转晴 , 东风 , 小于3级
2012-05-11 , 30 , 18 , 多云转阴 , 东风 , 小于3级
2012-05-12 , 24 , 20 , 暴雨 , 南风 , 3-4级
2012-05-13 , 23 , 19 , 阴转中雨 , 东风 , 小于3级
2012-05-14 , 27 , 18 , 阵雨转多云 , 西北风 , 小于3级
2012-05-15 , 28 , 17 , 多云 , 南风 , 小于3级
2012-05-16 , 31 , 19 , 多云转晴 , 西南风 , 小于3级
2012-05-17 , 30 , 20 , 晴转多云 , 西南风 , 小于3级
2012-05-18 , 25 , 20 , 阵雨转大雨 , 南风 , 小于3级
2012-05-19 , 23 , 16 , 阵雨转阴 , 东风 , 小于3级
2012-05-20 , 24 , 17 , 阴转多云 , 东风 , 小于3级
2012-05-21 , 26 , 17 , 多云转晴 , 东风 , 小于3级
2012-05-22 , 25 , 17 , 多云转阵雨 , 东风 , 小于3级
2012-05-23 , 23 , 18 , 中雨 , 东南风 , 小于3级
2012-05-24 , 22 , 19 , 中雨 , 西风 , 小于3级
2012-05-25 , 24 , 18 , 小雨 , 南风 , 小于3级
2012-05-26 , 28 , 17 , 多云 , 西南风 , 小于3级
2012-05-27 , 29 , 18 , 晴转多云 , 东风 , 小于3级
2012-05-28 , 29 , 19 , 多云 , 东风 , 小于3级
2012-05-29 , 25 , 20 , 暴雨转大雨 , 东风 , 3-4级转小于3级
2012-05-30 , 24 , 18 , 小雨转多云 , 东北风 , 小于3级
2012-05-31 , 25 , 18 , 阴转阵雨 , 东风 , 小于3级
2012-06-01 , 25 , 19 , 中雨转阵雨 , 东风 , 小于3级
2012-06-02 , 25 , 17 , 阴转多云 , 东风 , 小于3级
2012-06-03 , 27 , 19 , 多云转阴 , 东风 , 小于3级
2012-06-04 , 28 , 20 , 小雨转多云 , 东风 , 小于3级
2012-06-05 , 27 , 21 , 阵雨 , 东风 , 小于3级
2012-06-06 , 27 , 22 , 阵雨 , 南风 , 小于3级
2012-06-07 , 30 , 23 , 阵雨 , 西南风 , 小于3级
2012-06-08 , 32 , 23 , 多云转阴 , 南风 , 小于3级
2012-06-09 , 30 , 24 , 阴转阵雨 , 南风 , 小于3级
2012-06-10 , 29 , 24 , 雷阵雨转中雨 , 西北风 , 小于3级
2012-06-11 , 30 , 22 , 阴转多云 , 西南风 , 小于3级
2012-06-12 , 32 , 23 , 阴转多云 , 东风 , 小于3级
2012-06-13 , 33 , 23 , 多云 , 东北风 , 小于3级
2012-06-14 , 30 , 22 , 阵雨转多云 , 东南风 , 小于3级
2012-06-15 , 30 , 23 , 多云 , 东风 , 小于3级
2012-06-16 , 27 , 23 , 多云转阵雨 , 东风 , 小于3级
2012-06-17 , 25 , 22 , 中雨转中到大雨 , 东风 , 小于3级
2012-06-18 , 28 , 21 , 阵雨转阴 , 西南风 , 小于3级
2012-06-19 , 28 , 21 , 阴转多云 , 东北风 , 小于3级
2012-06-20 , 29 , 22 , 阴转多云 , 东风 , 小于3级
2012-06-21 , 29 , 23 , 多云转中雨 , 东风 , 小于3级
2012-06-22 , 23 , 20 , 大到暴雨 , 西南风 , 小于3级
2012-06-23 , 26 , 21 , 大雨 , 西北风 , 小于3级
2012-06-24 , 30 , 24 , 阴转阵雨 , 东南风 , 小于3级
2012-06-25 , 27 , 24 , 中雨转暴雨 , 西南风 , 小于3级
2012-06-26 , 27 , 23 , 暴雨 , 西北风 , 小于3级
2012-06-27 , 28 , 23 , 阵雨 , 东风 , 小于3级
2012-06-28 , 33 , 25 , 多云 , 东风 , 小于3级
2012-06-29 , 34 , 26 , 多云转雷阵雨 , 西南风 , 小于3级
2012-06-30 , 36 , 27 , 雷阵雨转多云 , 西北风 , 小于3级
2012-07-01 , 36 , 26 , 晴转多云 , 西南风 , 3-4级
2012-07-02 , 36 , 27 , 晴转多云 , 西南风 , 小于3级
2012-07-03 , 37 , 27 , 晴转多云 , 西南风 , 小于3级
2012-07-04 , 38 , 28 , 晴转多云 , 西南风 , 小于3级
2012-07-05 , 37 , 29 , 晴转雷阵雨 , 西南风 , 小于3级
2012-07-06 , 36 , 28 , 多云转雷阵雨 , 西南风 , 3-4级转小于3级
2012-07-07 , 36 , 28 , 多云转雷阵雨 , 西南风 , 小于3级
2012-07-08 , 37 , 28 , 多云 , 东风 , 小于3级
2012-07-09 , 37 , 28 , 多云 , 西南风 , 小于3级
2012-07-10 , 36 , 28 , 多云转雷阵雨 , 西南风 , 小于3级
2012-07-11 , 36 , 28 , 雷阵雨 , 西南风 , 小于3级
2012-07-12 , 36 , 29 , 多云转雷阵雨 , 西北风 , 小于3级
2012-07-13 , 32 , 26 , 雷阵雨转大雨 , 东风 , 小于3级
2012-07-14 , 30 , 25 , 暴雨转大雨 , 西北风 , 小于3级
2012-07-15 , 29 , 24 , 阵雨转中雨 , 东风 , 小于3级
2012-07-16 , 31 , 25 , 阵雨 , 东风 , 小于3级
2012-07-17 , 31 , 25 , 大雨转阵雨 , 西北风 , 小于3级
2012-07-18 , 32 , 25 , 阴转雷阵雨 , 西北风 , 小于3级
2012-07-19 , 34 , 27 , 多云转雷阵雨 , 东风 , 小于3级
2012-07-20 , 36 , 26 , 多云转晴 , 西北风 , 小于3级
2012-07-21 , 36 , 26 , 晴转多云 , 西南风 , 小于3级
2012-07-22 , 36 , 28 , 晴转多云 , 东南风 , 小于3级
2012-07-23 , 36 , 27 , 晴转多云 , 东南风 , 3-4级
2012-07-24 , 36 , 28 , 晴转多云 , 东南风 , 小于3级
2012-07-25 , 35 , 26 , 晴转多云 , 东风 , 小于3级
2012-07-26 , 36 , 27 , 多云转雷阵雨 , 东风 , 小于3级
2012-07-27 , 36 , 27 , 晴转多云 , 南风 , 小于3级
2012-07-28 , 37 , 27 , 晴转多云 , 东风 , 小于3级
2012-07-29 , 37 , 28 , 晴转多云 , 东南风 , 小于3级
2012-07-30 , 37 , 28 , 晴转多云 , 东风 , 小于3级
2012-07-31 , 34 , 27 , 多云 , 东风 , 3-4级
2012-08-01 , 31 , 26 , 中雨转暴雨 , 东风 , 5-6级
2012-08-02 , 30 , 25 , 暴雨 , 东北风 , 6-7级
2012-08-03 , 33 , 27 , 阵雨转阴 , 东风 , 小于3级
2012-08-04 , 33 , 26 , 多云转阵雨 , 东风 , 3-4级
2012-08-05 , 32 , 26 , 多云转阵雨 , 西北风 , 小于3级
2012-08-06 , 31 , 26 , 阵雨转暴雨 , 北风 , 小于3级转6-7级
2012-08-07 , 29 , 25 , 暴雨 , 北风 , 7-8级转8-9级
2012-08-08 , 29 , 24 , 大雨 , 东南风 , 6-7级转4-5级
2012-08-09 , 31 , 25 , 中雨转大雨 , 南风 , 小于3级
2012-08-10 , 34 , 27 , 中雨 , 东北风 , 小于3级
2012-08-11 , 34 , 26 , 阵雨转雷阵雨 , 南风 , 小于3级
2012-08-12 , 35 , 26 , 多云转雷阵雨 , 东风 , 小于3级
2012-08-13 , 35 , 27 , 雷阵雨转多云 , 东风 , 小于3级
2012-08-14 , 38 , 28 , 多云转晴 , 东风 , 小于3级
2012-08-15 , 38 , 29 , 雷阵雨转多云 , 西北风 , 小于3级
2012-08-16 , 36 , 27 , 多云 , 东风 , 小于3级
2012-08-17 , 36 , 28 , 晴转多云 , 南风 , 小于3级
2012-08-18 , 37 , 28 , 多云 , 西风 , 小于3级
2012-08-19 , 35 , 26 , 多云 , 西风 , 小于3级
2012-08-20 , 34 , 26 , 雷阵雨转多云 , 西北风 , 小于3级
2012-08-21 , 29 , 25 , 雷阵雨转阵雨 , 西风 , 小于3级
2012-08-22 , 28 , 22 , 阵雨 , 西北风 , 4-5级
2012-08-23 , 29 , 21 , 阵雨转中雨 , 西北风 , 小于3级
2012-08-24 , 30 , 24 , 多云转雷阵雨 , 北风 , 小于3级
2012-08-25 , 30 , 25 , 阵雨转中雨 , 东北风 , 3-4级
2012-08-26 , 30 , 25 , 阵雨转中雨 , 东北风 , 小于3级转5-6级
2012-08-27 , 32 , 25 , 阵雨转多云 , 西北风 , 4-5级转3-4级
2012-08-28 , 30 , 25 , 阵雨转中雨 , 东风 , 小于3级
2012-08-29 , 34 , 25 , 多云 , 西北风 , 3-4级
2012-08-30 , 34 , 25 , 多云 , 东风 , 小于3级
2012-08-31 , 33 , 25 , 多云转晴 , 东风 , 小于3级
2012-09-01 , 32 , 25 , 多云 , 南风 , 小于3级
2012-09-02 , 30 , 23 , 多云转大雨 , 西南风 , 小于3级
2012-09-03 , 26 , 23 , 中雨 , 北风 , 小于3级
2012-09-04 , 23 , 17 , 阵雨 , 南风 , 小于3级
2012-09-05 , 26 , 19 , 阴 , 西北风 , 小于3级
2012-09-06 , 29 , 23 , 阵雨 , 东风 , 小于3级
2012-09-07 , 31 , 24 , 阴转多云 , 西南风 , 小于3级
2012-09-08 , 29 , 24 , 多云转中雨 , 东风 , 小于3级
2012-09-09 , 26 , 21 , 阵雨转小雨 , 西北风 , 小于3级
2012-09-10 , 29 , 23 , 阴转多云 , 东风 , 小于3级
2012-09-11 , 32 , 24 , 多云转阵雨 , 东风 , 小于3级
2012-09-12 , 24 , 19 , 大雨转中雨 , 北风 , 4-5级
2012-09-13 , 23 , 17 , 小雨转阴 , 西风 , 3-4级
2012-09-14 , 25 , 17 , 多云转晴 , 西北风 , 小于3级
2012-09-15 , 26 , 18 , 多云转阴 , 北风 , 3-4级转5-6级
2012-09-16 , 27 , 18 , 多云 , 北风 , 4-5级转3-4级
2012-09-17 , 27 , 18 , 晴 , 西北风 , 小于3级
2012-09-18 , 28 , 17 , 多云 , 西北风 , 小于3级
2012-09-19 , 29 , 18 , 多云 , 东北风 , 小于3级
2012-09-20 , 27 , 18 , 多云转阵雨 , 东风 , 小于3级
2012-09-21 , 24 , 20 , 中雨转小雨 , 南风 , 小于3级
2012-09-22 , 25 , 19 , 阴转多云 , 东北风 , 小于3级
2012-09-23 , 27 , 18 , 阴转多云 , 东风 , 小于3级
2012-09-24 , 28 , 18 , 多云 , 东风 , 小于3级
2012-09-25 , 27 , 19 , 多云 , 东风 , 小于3级
2012-09-26 , 26 , 20 , 多云转阴 , 东风 , 小于3级
2012-09-27 , 27 , 21 , 多云转阴 , 东风 , 小于3级
2012-09-28 , 23 , 14 , 阴转多云 , 北风 , 4-5级
2012-09-29 , 25 , 13 , 晴 , 西北风 , 3-4级转小于3级
2012-09-30 , 26 , 13 , 晴转多云 , 西北风 , 小于3级
2012-10-01 , 25 , 13 , 晴转多云 , 南风 , 小于3级
2012-10-02 , 26 , 15 , 晴转多云 , 北风 , 小于3级
2012-10-03 , 26 , 15 , 多云 , 西风 , 小于3级
2012-10-04 , 26 , 16 , 晴转多云 , 南风 , 小于3级
2012-10-05 , 26 , 19 , 小雨转多云 , 北风 , 小于3级
2012-10-06 , 26 , 17 , 晴转多云 , 东北风 , 小于3级
2012-10-07 , 26 , 18 , 多云 , 东风 , 小于3级
2012-10-08 , 25 , 18 , 多云 , 北风 , 小于3级
2012-10-09 , 26 , 17 , 晴转多云 , 西北风 , 小于3级
2012-10-10 , 24 , 15 , 晴转多云 , 西北风 , 小于3级
2012-10-11 , 24 , 14 , 晴转多云 , 东风 , 小于3级
2012-10-12 , 24 , 16 , 多云 , 东风 , 小于3级
2012-10-13 , 24 , 19 , 阴转多云 , 东风 , 小于3级
2012-10-14 , 25 , 18 , 阴转多云 , 东北风 , 小于3级
2012-10-15 , 27 , 18 , 多云转阴 , 东风 , 小于3级
2012-10-16 , 22 , 15 , 小雨转阴 , 北风 , 3-4级转4-5级
2012-10-17 , 21 , 11 , 晴转多云 , 西北风 , 3-4级转小于3级
2012-10-18 , 23 , 11 , 晴 , 东南风 , 小于3级
2012-10-19 , 26 , 15 , 多云 , 北风 , 小于3级
2012-10-20 , 29 , 18 , 多云转阴 , 北风 , 小于3级
2012-10-21 , 25 , 17 , 小雨 , 东南风 , 小于3级
2012-10-22 , 22 , 12 , 多云转晴 , 西北风 , 4-5级转小于3级
2012-10-23 , 24 , 12 , 晴转阴 , 西南风 , 小于3级
2012-10-24 , 26 , 15 , 阴转多云 , 东北风 , 小于3级
2012-10-25 , 28 , 17 , 多云 , 东北风 , 小于3级
2012-10-26 , 25 , 19 , 多云转阴 , 北风 , 小于3级
2012-10-27 , 23 , 17 , 多云 , 西北风 , 小于3级
2012-10-28 , 22 , 17 , 多云转小雨 , 东风 , 小于3级
2012-10-29 , 18 , 14 , 中雨转小雨 , 西北风 , 4-5级转小于3级
2012-10-30 , 16 , 10 , 阴转多云 , 东北风 , 小于3级
2012-10-31 , 18 , 9 , 多云转晴 , 西北风 , 小于3级
2012-11-01 , 20 , 10 , 多云 , 西北风 , 小于3级
2012-11-02 , 23 , 12 , 多云转阵雨 , 东北风 , 小于3级
2012-11-03 , 18 , 11 , 中雨转多云 , 西北风 , 4-5级转3-4级
2012-11-04 , 18 , 8 , 晴 , 西北风 , 3-4级
2012-11-05 , 18 , 7 , 晴 , 北风 , 小于3级
2012-11-06 , 18 , 7 , 晴 , 东北风 , 小于3级
2012-11-07 , 16 , 10 , 小雨 , 北风 , 小于3级
2012-11-08 , 16 , 10 , 中雨转大雨 , 西北风 , 小于3级
2012-11-09 , 16 , 13 , 中雨 , 东风 , 小于3级
2012-11-10 , 15 , 9 , 阴转多云 , 西北风 , 4-5级
2012-11-11 , 16 , 5 , 晴转多云 , 西南风 , 3-4级转小于3级
2012-11-12 , 19 , 6 , 晴转多云 , 西南风 , 小于3级
2012-11-13 , 16 , 7 , 晴转多云 , 北风 , 小于3级
2012-11-14 , 16 , 7 , 多云转阴 , 东南风 , 小于3级
2012-11-15 , 14 , 11 , 小雨转大雨 , 东风 , 小于3级
2012-11-16 , 15 , 9 , 小雨转多云 , 北风 , 3-4级转小于3级
2012-11-17 , 16 , 5 , 晴 , 西南风 , 小于3级
2012-11-18 , 17 , 5 , 晴 , 西南风 , 小于3级
2012-11-19 , 17 , 8 , 晴转阴 , 东北风 , 小于3级
2012-11-20 , 14 , 11 , 小雨转中雨 , 北风 , 小于3级
2012-11-21 , 16 , 12 , 小雨转中雨 , 北风 , 小于3级
2012-11-22 , 12 , 6 , 阴转小雨 , 北风 , 小于3级
2012-11-23 , 11 , 5 , 阴转多云 , 南风 , 小于3级
2012-11-24 , 13 , 8 , 小雨转中雨 , 东南风 , 小于3级
2012-11-25 , 10 , 5 , 小雨转多云 , 北风 , 4-5级
2012-11-26 , 12 , 3 , 多云 , 北风 , 小于3级
2012-11-27 , 13 , 7 , 阴转小雨 , 南风 , 小于3级
2012-11-28 , 13 , 8 , 小雨转阴 , 西风 , 3-4级转小于3级
2012-11-29 , 13 , 9 , 小雨转阴 , 西风 , 小于3级
2012-11-30 , 11 , 9 , 小雨转中雨 , 东北风 , 小于3级
2012-12-01 , 12 , 8 , 中雨转小雨 , 北风 , 小于3级
2012-12-02 , 12 , 5 , 阴转多云 , 东北风 , 小于3级
2012-12-03 , 11 , 3 , 晴转多云 , 北风 , 小于3级
2012-12-04 , 12 , 5 , 阴转多云 , 东风 , 小于3级转4-5级
2012-12-05 , 12 , 2 , 晴转多云 , 南风 , 4-5级转3-4级
2012-12-06 , 16 , 3 , 晴转多云 , 西北风 , 小于3级
2012-12-07 , 13 , 4 , 晴转多云 , 北风 , 小于3级
2012-12-11 , 10 , 4 , 多云 , 北风 , 小于3级
2012-12-12 , 15 , 5 , 多云转阴 , 东风 , 小于3级
2012-12-13 , 18 , 10 , 小雨 , 东南风 , 小于3级
2012-12-14 , 14 , 12 , 中雨 , 东北风 , 小于3级
2012-12-15 , 10 , 7 , 小雨 , 南风 , 小于3级
2012-12-16 , 9 , 6 , 小雨转阴 , 西北风 , 小于3级
2012-12-17 , 6 , 2 , 雨夹雪转阴 , 北风 , 小于3级
2012-12-18 , 7 , -1 , 多云 , 北风 , 小于3级
2012-12-19 , 9 , 2 , 多云转小雨 , 南风 , 小于3级
2012-12-20 , 9 , 5 , 中雨转小雨 , 南风 , 小于3级
2012-12-21 , 7 , 4 , 小雨 , 南风 , 3-4级
2012-12-22 , 5 , 0 , 阴转多云 , 西北风 , 3-4级
2012-12-23 , 6 , -3 , 晴 , 西北风 , 3-4级转小于3级
2012-12-24 , 9 , -1 , 晴转多云 , 南风 , 小于3级
2012-12-25 , 6 , 3 , 小雨 , 东风 , 小于3级
2012-12-26 , 9 , 4 , 小雨转大雨 , 北风 , 小于3级
2012-12-27 , 9 , 5 , 中雨转阴 , 北风 , 小于3级
2012-12-28 , 7 , 0 , 小雨转雨夹雪 , 东北风 , 小于3级转4-5级
2012-12-29 , 1 , -3 , 中雪转阴 , 西北风 , 4-5级
2012-12-30 , 5 , -4 , 晴 , 西南风 , 小于3级
2012-12-31 , 9 , -1 , 晴 , 西南风 , 小于3级
2013-01-01 , 7 , 0 , 多云转阴 , 东风 , 小于3级
2013-01-02 , 3 , 0 , 阴 , 东北风 , 4-5级转3-4级
2013-01-03 , 0 , -2 , 小雪转中雪 , 南风 , 小于3级
2013-01-04 , 2 , -2 , 大雪转小雪 , 西北风 , 小于3级
2013-01-05 , 2 , -1 , 雨夹雪转阴 , 西北风 , 小于3级
2013-01-06 , 4 , -1 , 雨夹雪转小雨 , 西南风 , 小于3级
2013-01-07 , 4 , 0 , 阴 , 西风 , 小于3级
2013-01-08 , 4 , 1 , 阴 , 西南风 , 3-4级
2013-01-09 , 8 , 0 , 多云 , 西北风 , 小于3级
2013-01-10 , 8 , 1 , 多云 , 南风 , 小于3级
2013-01-11 , 8 , 0 , 多云转阴 , 西南风 , 小于3级
2013-01-12 , 6 , 4 , 大雨转中雨 , 西南风 , 小于3级转3-4级
2013-01-13 , 9 , 3 , 阴转多云 , 西北风 , 小于3级转3-4级
2013-01-14 , 11 , 2 , 多云 , 东北风 , 小于3级
2013-01-15 , 9 , 2 , 阴转多云 , 南风 , 小于3级转3-4级
2013-01-16 , 5 , 2 , 多云 , 北风 , 3-4级
2013-01-17 , 5 , -3 , 晴 , 北风 , 小于3级
2013-01-18 , 10 , -1 , 晴转多云 , 北风 , 小于3级
2013-01-19 , 13 , 4 , 多云 , 南风 , 小于3级
2013-01-20 , 12 , 8 , 阴转小雨 , 北风 , 小于3级
2013-01-21 , 7 , 4 , 小雨 , 北风 , 3-4级
2013-01-22 , 10 , 2 , 阴转多云 , 南风 , 小于3级
2013-01-23 , 13 , 4 , 多云 , 东南风 , 小于3级转3-4级
2013-01-24 , 10 , 1 , 多云转晴 , 北风 , 小于3级
2013-01-25 , 13 , 3 , 晴 , 北风 , 小于3级
2013-01-26 , 13 , 1 , 多云转晴 , 东北风 , 小于3级
2013-01-27 , 13 , 1 , 晴转多云 , 南风 , 小于3级
2013-01-28 , 15 , 6 , 阴 , 北风 , 小于3级
2013-01-29 , 18 , 7 , 多云转晴 , 北风 , 小于3级
2013-01-30 , 19 , 7 , 多云转阴 , 南风 , 小于3级
2013-01-31 , 17 , 13 , 中雨转小雨 , 西南风 , 小于3级
2013-02-01 , 12 , 7 , 小雨转阴 , 北风 , 3-4级
2013-02-02 , 15 , 5 , 阴转小雨 , 东风 , 3-4级转小于3级
2013-02-03 , 11 , 8 , 小雨 , 南风 , 小于3级
2013-02-04 , 9 , 6 , 中雨 , 东风 , 3-4级
2013-02-05 , 9 , 5 , 阴 , 北风 , 小于3级
2013-02-06 , 5 , 1 , 小雨转中雪 , 南风 , 小于3级
2013-02-07 , 1 , -2 , 大雪 , 东北风 , 3-4级转小于3级
2013-02-08 , 1 , -2 , 中雪转雨夹雪 , 南风 , 小于3级
2013-02-09 , 6 , -1 , 多云 , 西风 , 小于3级
2013-02-10 , 7 , 3 , 阴转小雨 , 东风 , 小于3级
2013-02-11 , 6 , 3 , 中雨转阴 , 东风 , 小于3级
2013-02-12 , 9 , 2 , 阴转多云 , 北风 , 小于3级
2013-02-13 , 8 , 5 , 小雨 , 北风 , 小于3级
2013-02-14 , 7 , 4 , 小雨转多云 , 北风 , 小于3级
2013-02-15 , 12 , 2 , 多云 , 西北风 , 小于3级
2013-02-16 , 13 , 6 , 阵雨 , 北风 , 小于3级
2013-02-17 , 11 , 6 , 阵雨转中雨 , 东北风 , 小于3级转5-6级
2013-02-18 , 5 , 1 , 雨夹雪转中雪 , 东北风 , 4-5级转3-4级
2013-02-19 , 6 , -1 , 阴转小雨 , 西北风 , 小于3级
2013-02-20 , 10 , 2 , 多云转小雨 , 北风 , 小于3级
2013-02-21 , 10 , 5 , 小雨转阴 , 东风 , 小于3级
2013-02-22 , 14 , 3 , 多云转晴 , 西南风 , 小于3级
2013-02-23 , 15 , 4 , 晴转多云 , 东风 , 小于3级
2013-02-24 , 18 , 10 , 多云转小雨 , 南风 , 小于3级
2013-02-25 , 16 , 12 , 中雨 , 东北风 , 小于3级
2013-02-26 , 14 , 9 , 阴 , 东北风 , 小于3级
2013-02-27 , 21 , 8 , 阴转多云 , 东风 , 小于3级
2013-02-28 , 15 , 3 , 中雨转大雨 , 西南风 , 5-6级
2013-03-01 , 7 , 1 , 小雨转阴 , 东风 , 3-4级转小于3级
2013-03-02 , 12 , 0 , 多云转晴 , 北风 , 小于3级
2013-03-03 , 17 , 4 , 晴 , 西南风 , 小于3级
2013-03-04 , 20 , 6 , 晴转多云 , 东北风 , 小于3级
2013-03-05 , 23 , 10 , 晴转多云 , 西南风 , 小于3级
2013-03-06 , 23 , 11 , 多云转晴 , 西南风 , 小于3级
2013-03-07 , 28 , 12 , 晴 , 西南风 , 小于3级
2013-03-08 , 30 , 16 , 晴转多云 , 西南风 , 3-4级转小于3级
2013-03-09 , 10 , 6 , 阵雨 , 西南风 , 5-6级转4-5级
2013-03-10 , 15 , 6 , 阴转多云 , 东风 , 小于3级
2013-03-11 , 24 , 7 , 多云 , 东北风 , 小于3级
2013-03-12 , 20 , 7 , 大雨 , 北风 , 5-6级
2013-03-13 , 11 , 2 , 阴转多云 , 北风 , 小于3级
2013-03-14 , 17 , 4 , 晴转多云 , 东风 , 小于3级
2013-03-15 , 21 , 8 , 多云转阵雨 , 东风 , 3-4级
2013-03-16 , 21 , 12 , 中雨 , 东北风 , 小于3级
2013-03-17 , 22 , 12 , 暴雨转多云 , 北风 , 小于3级
2013-03-18 , 22 , 13 , 多云转中雨 , 西南风 , 小于3级
2013-03-19 , 16 , 10 , 中雨转阴 , 西南风 , 小于3级
2013-03-20 , 15 , 3 , 阴转多云 , 东北风 , 小于3级
2013-03-21 , 21 , 10 , 中雨转阵雨 , 南风 , 小于3级
2013-03-22 , 17 , 9 , 雷阵雨转大雨 , 东北风 , 小于3级转3-4级
2013-03-23 , 13 , 8 , 中雨转小雨 , 北风 , 小于3级
2013-03-24 , 12 , 5 , 阴转多云 , 东北风 , 3-4级
2013-03-25 , 10 , 7 , 中雨转阵雨 , 东风 , 小于3级
2013-03-26 , 17 , 5 , 阴转多云 , 西北风 , 小于3级
2013-03-27 , 19 , 8 , 多云转阴 , 北风 , 小于3级
2013-03-28 , 15 , 11 , 阵雨转阴 , 东风 , 小于3级
2013-03-29 , 18 , 9 , 多云转阴 , 东风 , 小于3级
2013-03-30 , 18 , 10 , 阴转多云 , 东北风 , 小于3级
2013-03-31 , 17 , 9 , 多云转阵雨 , 东风 , 小于3级
2013-04-01 , 17 , 12 , 阴转多云 , 西南风 , 小于3级
2013-04-02 , 19 , 8 , 多云 , 北风 , 小于3级
2013-04-03 , 22 , 11 , 阴转多云 , 东风 , 小于3级
2013-04-04 , 20 , 15 , 阴转阵雨 , 东风 , 小于3级
2013-04-05 , 16 , 9 , 中雨转小雨 , 北风 , 5-6级
2013-04-06 , 17 , 5 , 多云转晴 , 西北风 , 3-4级
2013-04-07 , 22 , 8 , 晴转多云 , 东南风 , 小于3级
2013-04-08 , 19 , 10 , 多云 , 西北风 , 3-4级
2013-04-09 , 20 , 10 , 多云转晴 , 东北风 , 小于3级
2013-04-10 , 22 , 10 , 晴 , 北风 , 小于3级
2013-04-11 , 24 , 11 , 晴 , 南风 , 小于3级
2013-04-12 , 28 , 14 , 晴转多云 , 南风 , 小于3级
2013-04-13 , 28 , 15 , 多云 , 西南风 , 小于3级
2013-04-14 , 31 , 14 , 晴 , 东风 , 3-4级
2013-04-15 , 29 , 18 , 多云转阵雨 , 西南风 , 小于3级
2013-04-16 , 26 , 17 , 阵雨转多云 , 西南风 , 小于3级
2013-04-17 , 24 , 17 , 多云转阴 , 南风 , 小于3级转4-5级
2013-04-18 , 15 , 10 , 阴 , 东北风 , 4-5级转3-4级
2013-04-19 , 12 , 8 , 中雨 , 东风 , 小于3级
2013-04-20 , 16 , 6 , 多云转晴 , 北风 , 3-4级转小于3级
2013-04-21 , 21 , 9 , 晴转阵雨 , 东风 , 小于3级
2013-04-22 , 20 , 13 , 阵雨转中雨 , 南风 , 小于3级
2013-04-23 , 21 , 13 , 中雨转阴 , 西南风 , 小于3级
2013-04-24 , 26 , 13 , 多云转晴 , 南风 , 小于3级
2013-04-25 , 28 , 12 , 晴 , 西北风 , 3-4级
2013-04-26 , 29 , 14 , 晴 , 北风 , 3-4级
2013-04-27 , 29 , 15 , 晴转多云 , 西南风 , 小于3级
2013-04-28 , 29 , 18 , 多云转雷阵雨 , 南风 , 小于3级
2013-04-29 , 22 , 13 , 暴雨 , 东北风 , 4-5级转小于3级
2013-04-30 , 23 , 11 , 阴转多云 , 北风 , 3-4级转小于3级
2013-05-01 , 25 , 13 , 晴转多云 , 北风 , 小于3级
2013-05-02 , 26 , 14 , 晴转多云 , 东风 , 小于3级
2013-05-03 , 27 , 15 , 多云 , 东北风 , 小于3级
2013-05-04 , 25 , 15 , 多云转阴 , 东风 , 小于3级
2013-05-05 , 23 , 18 , 阵雨 , 北风 , 小于3级
2013-05-06 , 22 , 18 , 阵雨 , 东风 , 小于3级
2013-05-07 , 22 , 19 , 阵雨 , 东南风 , 小于3级
2013-05-08 , 24 , 18 , 阵雨转中雨 , 南风 , 小于3级
2013-05-09 , 27 , 19 , 中雨转多云 , 西北风 , 小于3级
2013-05-10 , 29 , 19 , 阴转多云 , 西北风 , 小于3级
2013-05-11 , 31 , 18 , 晴 , 南风 , 小于3级
2013-05-12 , 33 , 19 , 晴 , 东风 , 小于3级
2013-05-13 , 33 , 19 , 晴转多云 , 东南风 , 小于3级
2013-05-14 , 28 , 22 , 多云转阵雨 , 东风 , 小于3级
2013-05-15 , 22 , 19 , 暴雨转中雨 , 北风 , 3-4级
2013-05-16 , 23 , 19 , 阵雨 , 东北风 , 小于3级
2013-05-17 , 23 , 19 , 小雨转中雨 , 东风 , 小于3级
2013-05-18 , 27 , 20 , 阵雨转多云 , 西北风 , 小于3级
2013-05-19 , 31 , 21 , 多云 , 西南风 , 小于3级
2013-05-20 , 32 , 20 , 多云 , 北风 , 小于3级
2013-05-21 , 32 , 20 , 晴转多云 , 东风 , 小于3级
2013-05-22 , 28 , 22 , 多云转阴 , 东北风 , 小于3级
2013-05-23 , 31 , 21 , 阴转多云 , 东北风 , 小于3级
2013-05-24 , 34 , 23 , 多云转晴 , 东北风 , 小于3级
2013-05-25 , 28 , 23 , 多云转阵雨 , 南风 , 小于3级转3-4级
2013-05-26 , 28 , 23 , 中雨转小雨 , 南风 , 4-5级转3-4级
2013-05-27 , 33 , 21 , 多云转晴 , 西北风 , 小于3级
2013-05-28 , 34 , 22 , 晴转阵雨 , 东风 , 3-4级
2013-05-29 , 27 , 21 , 中雨转大雨 , 北风 , 4-5级转小于3级
2013-05-30 , 26 , 17 , 小雨转阵雨 , 西北风 , 4-5级转小于3级
2013-05-31 , 26 , 21 , 阴转阵雨 , 西南风 , 小于3级
2013-06-01 , 25 , 20 , 中雨转小雨 , 东北风 , 小于3级
2013-06-02 , 29 , 17 , 阴转多云 , 西南风 , 小于3级
2013-06-03 , 30 , 18 , 晴转多云 , 东风 , 小于3级
2013-06-04 , 29 , 20 , 多云 , 北风 , 小于3级
2013-06-05 , 32 , 21 , 多云 , 东风 , 小于3级
2013-06-06 , 25 , 22 , 中雨转暴雨 , 西风 , 小于3级
2013-06-07 , 24 , 22 , 中雨转阴 , 西北风 , 小于3级转4-5级
2013-06-08 , 26 , 20 , 阴转多云 , 西北风 , 4-5级
2013-06-09 , 25 , 19 , 阴 , 北风 , 小于3级
2013-06-10 , 25 , 20 , 小雨 , 西北风 , 3-4级转小于3级
2013-06-11 , 26 , 19 , 小雨转多云 , 西北风 , 小于3级
2013-06-12 , 26 , 19 , 阴转多云 , 北风 , 小于3级
2013-06-13 , 25 , 19 , 阴转小雨 , 东风 , 小于3级转3-4级
2013-06-14 , 29 , 20 , 阵雨 , 西风 , 小于3级
2013-06-15 , 34 , 24 , 多云转雷阵雨 , 东风 , 小于3级
2013-06-16 , 35 , 25 , 多云转晴 , 西南风 , 小于3级
2013-06-17 , 36 , 26 , 多云转雷阵雨 , 北风 , 小于3级
2013-06-18 , 36 , 27 , 多云转雷阵雨 , 西南风 , 小于3级
2013-06-19 , 33 , 26 , 多云转雷阵雨 , 西南风 , 小于3级
2013-06-20 , 31 , 23 , 阴转多云 , 东北风 , 3-4级转小于3级
2013-06-21 , 31 , 25 , 多云转阵雨 , 东风 , 小于3级
2013-06-22 , 31 , 25 , 多云转雷阵雨 , 东北风 , 小于3级
2013-06-23 , 31 , 26 , 阵雨转中雨 , 北风 , 3-4级
2013-06-24 , 31 , 25 , 阵雨转大雨 , 北风 , 小于3级
2013-06-25 , 30 , 25 , 中雨 , 西南风 , 3-4级
2013-06-26 , 25 , 23 , 大雨转暴雨 , 西风 , 小于3级
2013-06-27 , 25 , 22 , 大雨 , 西北风 , 小于3级
2013-06-28 , 27 , 22 , 大雨 , 东北风 , 小于3级
2013-06-29 , 31 , 23 , 阵雨转雷阵雨 , 北风 , 小于3级
2013-06-30 , 35 , 25 , 多云 , 西南风 , 小于3级
2013-07-01 , 37 , 26 , 多云转晴 , 西南风 , 小于3级
2013-07-02 , 37 , 27 , 晴 , 西南风 , 4-5级转3-4级
2013-07-03 , 37 , 28 , 晴转多云 , 西南风 , 小于3级
2013-07-04 , 35 , 27 , 多云转雷阵雨 , 西风 , 小于3级
2013-07-05 , 34 , 25 , 雷阵雨转阵雨 , 东北风 , 3-4级
2013-07-06 , 35 , 27 , 多云 , 西南风 , 小于3级
2013-07-07 , 36 , 27 , 多云 , 西南风 , 小于3级
2013-07-08 , 37 , 28 , 多云转晴 , 南风 , 小于3级
2013-07-09 , 38 , 28 , 晴转多云 , 西南风 , 小于3级
2013-07-10 , 38 , 28 , 晴 , 东风 , 小于3级
2013-07-11 , 36 , 28 , 晴转多云 , 东南风 , 小于3级转3-4级
2013-07-12 , 33 , 26 , 多云转阵雨 , 东风 , 4-5级转5-6级
2013-07-13 , 36 , 27 , 阵雨转多云 , 东风 , 5-6级转4-5级
2013-07-14 , 37 , 28 , 多云 , 南风 , 5-6级转4-5级
2013-07-15 , 37 , 28 , 多云 , 西南风 , 3-4级
2013-07-16 , 37 , 28 , 多云 , 南风 , 3-4级转小于3级
2013-07-17 , 37 , 28 , 晴 , 南风 , 3-4级
2013-07-18 , 37 , 27 , 晴转多云 , 南风 , 小于3级
2013-07-19 , 36 , 28 , 晴转多云 , 南风 , 小于3级
2013-07-20 , 34 , 26 , 多云转雷阵雨 , 西北风 , 3-4级转小于3级
2013-07-21 , 36 , 26 , 多云 , 西南风 , 3-4级转小于3级
2013-07-22 , 38 , 27 , 多云转晴 , 西南风 , 3-4级
2013-07-23 , 39 , 28 , 晴 , 西南风 , 小于3级
2013-07-24 , 40 , 30 , 晴 , 东风 , 小于3级
2013-07-25 , 39 , 30 , 晴 , 西南风 , 小于3级
2013-07-26 , 39 , 29 , 晴 , 东风 , 小于3级
2013-07-27 , 40 , 29 , 晴 , 南风 , 小于3级
2013-07-28 , 40 , 30 , 晴转多云 , 西北风 , 小于3级
2013-07-29 , 39 , 30 , 晴转多云 , 东北风 , 小于3级
2013-07-30 , 40 , 30 , 多云转晴 , 南风 , 小于3级
2013-07-31 , 39 , 28 , 多云转晴 , 北风 , 4-5级转小于3级
2013-08-01 , 39 , 27 , 多云转晴 , 南风 , 小于3级
2013-08-02 , 36 , 26 , 多云 , 南风 , 小于3级
2013-08-03 , 37 , 27 , 多云 , 西南风 , 小于3级
2013-08-04 , 38 , 28 , 多云 , 西北风 , 小于3级
2013-08-05 , 40 , 29 , 晴 , 西南风 , 3-4级转小于3级
2013-08-06 , 40 , 30 , 晴 , 南风 , 小于3级
2013-08-07 , 40 , 30 , 晴 , 东南风 , 小于3级
2013-08-08 , 40 , 30 , 晴 , 南风 , 小于3级
2013-08-09 , 41 , 31 , 晴 , 东南风 , 小于3级
2013-08-10 , 40 , 30 , 晴 , 西风 , 3-4级转小于3级
2013-08-11 , 40 , 29 , 晴 , 东北风 , 小于3级
2013-08-12 , 39 , 28 , 晴 , 东风 , 小于3级
2013-08-13 , 39 , 29 , 晴 , 南风 , 小于3级
2013-08-14 , 37 , 28 , 晴转多云 , 南风 , 小于3级
2013-08-15 , 37 , 29 , 晴转多云 , 东风 , 3-4级转小于3级
2013-08-16 , 37 , 28 , 多云 , 东风 , 小于3级
2013-08-17 , 37 , 28 , 多云 , 东北风 , 小于3级
2013-08-18 , 33 , 26 , 雷阵雨转阵雨 , 东北风 , 3-4级转小于3级
2013-08-19 , 34 , 27 , 多云 , 东风 , 小于3级
2013-08-20 , 33 , 27 , 阵雨 , 东风 , 3-4级
2013-08-21 , 32 , 28 , 中雨 , 东北风 , 5-6级
2013-08-22 , 34 , 27 , 阴转多云 , 东风 , 小于3级
2013-08-23 , 35 , 27 , 多云转雷阵雨 , 南风 , 小于3级
2013-08-24 , 31 , 28 , 多云转中雨 , 西北风 , 小于3级
2013-08-25 , 29 , 26 , 中雨 , 西风 , 3-4级
2013-08-26 , 33 , 24 , 雷阵雨 , 东风 , 小于3级
2013-08-27 , 35 , 26 , 阴转多云 , 东风 , 小于3级
2013-08-28 , 35 , 26 , 多云 , 西南风 , 小于3级
2013-08-29 , 32 , 27 , 阵雨转中雨 , 西北风 , 3-4级转4-5级
2013-08-30 , 29 , 24 , 阴转多云 , 东北风 , 4-5级
2013-08-31 , 30 , 21 , 多云 , 东北风 , 小于3级
2013-09-01 , 29 , 22 , 多云 , 东风 , 小于3级
2013-09-02 , 30 , 21 , 晴转多云 , 东北风 , 小于3级
2013-09-03 , 30 , 21 , 多云 , 东北风 , 4-5级转3-4级
2013-09-04 , 28 , 21 , 多云 , 东风 , 小于3级
2013-09-05 , 23 , 20 , 阵雨 , 北风 , 小于3级
2013-09-06 , 24 , 19 , 小雨 , 北风 , 小于3级
2013-09-07 , 28 , 21 , 阴转多云 , 西北风 , 小于3级
2013-09-08 , 32 , 22 , 多云 , 东风 , 小于3级
2013-09-09 , 35 , 24 , 晴转多云 , 东风 , 小于3级
2013-09-10 , 34 , 25 , 多云转阵雨 , 西北风 , 小于3级
2013-09-11 , 34 , 25 , 多云 , 西南风 , 小于3级
2013-09-12 , 34 , 24 , 多云转雷阵雨 , 西北风 , 小于3级
2013-09-13 , 32 , 25 , 雷阵雨转阵雨 , 西南风 , 小于3级
2013-09-14 , 32 , 23 , 多云 , 北风 , 小于3级
2013-09-15 , 31 , 22 , 多云转晴 , 东北风 , 小于3级
2013-09-16 , 30 , 22 , 晴 , 东风 , 小于3级
2013-09-17 , 30 , 22 , 多云 , 东风 , 小于3级
2013-09-18 , 30 , 21 , 多云 , 东风 , 3-4级
2013-09-19 , 30 , 22 , 多云 , 东风 , 小于3级
2013-09-20 , 28 , 23 , 阵雨 , 东风 , 小于3级
2013-09-21 , 28 , 24 , 阵雨转中雨 , 东风 , 小于3级
2013-09-22 , 31 , 26 , 阴转多云 , 东风 , 4-5级转3-4级
2013-09-23 , 32 , 25 , 多云 , 南风 , 小于3级
2013-09-24 , 27 , 20 , 中雨 , 北风 , 5-6级
2013-09-25 , 24 , 18 , 阴转多云 , 西北风 , 4-5级转3-4级
2013-09-26 , 26 , 17 , 多云 , 北风 , 小于3级
2013-09-27 , 25 , 19 , 小雨转阵雨 , 东风 , 小于3级
2013-09-28 , 25 , 19 , 阵雨转阴 , 西风 , 小于3级
2013-09-29 , 27 , 19 , 多云 , 西北风 , 小于3级
2013-09-30 , 28 , 18 , 多云转晴 , 北风 , 小于3级
2013-10-01 , 26 , 18 , 多云 , 西北风 , 小于3级转3-4级
2013-10-02 , 26 , 16 , 多云转晴 , 东北风 , 3-4级转小于3级
2013-10-03 , 26 , 16 , 晴转多云 , 东北风 , 小于3级
2013-10-04 , 26 , 16 , 晴转多云 , 东风 , 小于3级
2013-10-05 , 24 , 18 , 阵雨转中雨 , 东北风 , 小于3级
2013-10-06 , 23 , 21 , 暴雨 , 北风 , 7-8级
2013-10-07 , 24 , 21 , 大雨转中雨 , 北风 , 4-5级转3-4级
2013-10-08 , 24 , 19 , 小雨转阴 , 西北风 , 小于3级
2013-10-09 , 28 , 19 , 阴转多云 , 南风 , 小于3级
2013-10-10 , 31 , 20 , 晴 , 西南风 , 小于3级
2013-10-11 , 28 , 19 , 多云转晴 , 东风 , 小于3级
2013-10-12 , 28 , 18 , 多云转晴 , 东风 , 小于3级
2013-10-13 , 28 , 18 , 多云转晴 , 东风 , 小于3级
2013-10-14 , 28 , 14 , 多云~小雨 , 西风 , 小于3级
2013-10-15 , 18 , 11 , 阴转多云 , 西北风 , 5-6级转4-5级
2013-10-16 , 20 , 12 , 多云转阴 , 北风 , 小于3级
2013-10-17 , 21 , 15 , 多云转阴 , 西北风 , 小于3级
2013-10-18 , 22 , 16 , 阴转小雨 , 北风 , 小于3级
2013-10-19 , 22 , 16 , 阴 , 西风 , 小于3级
2013-10-20 , 23 , 14 , 多云转晴 , 西北风 , 小于3级
2013-10-21 , 21 , 13 , 多云 , 西北风 , 小于3级
2013-10-22 , 22 , 13 , 多云 , 西北风 , 小于3级
2013-10-23 , 22 , 14 , 多云 , 西北风 , 小于3级
2013-10-24 , 18 , 11 , 多云 , 北风 , 4-5级
2013-10-25 , 19 , 9 , 晴 , 西北风 , 4-5级转小于3级
2013-10-26 , 20 , 10 , 晴转多云 , 西北风 , 小于3级
2013-10-27 , 23 , 11 , 晴转多云 , 东风 , 小于3级
2013-10-28 , 25 , 13 , 晴转多云 , 西北风 , 小于3级
2013-10-29 , 24 , 15 , 多云 , 东南风 , 小于3级
2013-10-30 , 23 , 18 , 小雨 , 东北风 , 小于3级
2013-10-31 , 23 , 17 , 阴转多云 , 东风 , 小于3级
2013-11-01 , 22 , 17 , 多云转小雨 , 东北风 , 小于3级
2013-11-02 , 22 , 18 , 阴转小雨 , 东北风 , 小于3级
2013-11-03 , 21 , 15 , 阴转多云 , 西北风 , 小于3级
2013-11-04 , 22 , 11 , 晴转多云 , 西北风 , 小于3级
2013-11-05 , 24 , 12 , 多云转阴 , 南风 , 小于3级转3-4级
2013-11-06 , 23 , 13 , 多云转晴 , 北风 , 小于3级
2013-11-07 , 25 , 13 , 晴转多云 , 西南风 , 小于3级
2013-11-08 , 28 , 16 , 多云 , 西北风 , 小于3级
2013-11-09 , 23 , 15 , 阵雨转小雨 , 西南风 , 4-5级转5-6级
2013-11-10 , 15 , 11 , 阴 , 西北风 , 3-4级转小于3级
2013-11-11 , 15 , 11 , 阴转小雨 , 北风 , 3-4级转小于3级
2013-11-12 , 15 , 10 , 小雨转阴 , 北风 , 小于3级
2013-11-13 , 16 , 13 , 小雨 , 西北风 , 小于3级
2013-11-14 , 18 , 10 , 阴转多云 , 西南风 , 小于3级
2013-11-15 , 20 , 8 , 晴 , 西北风 , 小于3级
2013-11-16 , 15 , 8 , 晴 , 西北风 , 3-4级
2013-11-17 , 16 , 6 , 晴 , 西北风 , 3-4级转小于3级
2013-11-18 , 16 , 4 , 晴 , 南风 , 小于3级
2013-11-19 , 18 , 6 , 晴 , 南风 , 小于3级
2013-11-20 , 21 , 8 , 晴转多云 , 西北风 , 小于3级
2013-11-21 , 20 , 9 , 多云 , 西南风 , 小于3级
2013-11-22 , 21 , 9 , 晴转多云 , 西风 , 小于3级
2013-11-23 , 16 , 12 , 多云转中雨 , 南风 , 小于3级转4-5级
2013-11-24 , 15 , 5 , 阴转多云 , 西风 , 5-6级转小于3级
2013-11-25 , 15 , 4 , 晴 , 西南风 , 小于3级
2013-11-26 , 11 , 5 , 多云 , 西北风 , 3-4级转5-6级
2013-11-27 , 9 , 1 , 多云 , 北风 , 5-6级转4-5级
2013-11-28 , 10 , -1 , 晴 , 西北风 , 小于3级
2013-11-29 , 14 , 1 , 晴 , 西南风 , 小于3级
2013-11-30 , 13 , 4 , 晴 , 南风 , 小于3级转3-4级
2013-12-01 , 17 , 3 , 晴 , 西南风 , 小于3级
2013-12-02 , 18 , 5 , 晴转多云 , 南风 , 小于3级
2013-12-03 , 16 , 8 , 多云 , 西北风 , 3-4级
2013-12-04 , 17 , 7 , 多云转晴 , 东南风 , 小于3级
2013-12-05 , 16 , 8 , 多云 , 西北风 , 3-4级转小于3级
2013-12-06 , 16 , 5 , 雾转霾 , 北风 , 小于3级
2013-12-07 , 17 , 7 , 雾转霾 , 西北风 , 小于3级
2013-12-08 , 14 , 9 , 霾转阴 , 南风 , 小于3级转5-6级
2013-12-09 , 9 , 2 , 多云转晴 , 西北风 , 4-5级转小于3级
2013-12-10 , 12 , 3 , 晴转多云 , 西北风 , 3-4级转小于3级
2013-12-11 , 13 , 4 , 晴转多云 , 东风 , 小于3级
2013-12-12 , 13 , 3 , 阴转多云 , 南风 , 小于3级转3-4级
2013-12-13 , 14 , 5 , 多云 , 东风 , 小于3级
2013-12-14 , 10 , 7 , 阴转阵雨 , 西北风 , 小于3级
2013-12-15 , 10 , 5 , 小雨转中雨 , 东南风 , 小于3级
2013-12-16 , 6 , 4 , 大雨转中雨 , 西北风 , 小于3级
2013-12-17 , 6 , 1 , 雨夹雪 , 西北风 , 小于3级转4-5级
2013-12-18 , 8 , -1 , 多云转晴 , 西北风 , 3-4级转小于3级
2013-12-19 , 7 , 0 , 多云转晴 , 西风 , 小于3级
2013-12-20 , 6 , -2 , 多云 , 西北风 , 3-4级
2013-12-21 , 7 , -2 , 晴 , 西北风 , 小于3级
2013-12-22 , 8 , -2 , 晴转多云 , 西北风 , 小于3级
2013-12-23 , 8 , 0 , 晴转多云 , 西北风 , 小于3级
2013-12-24 , 9 , 0 , 晴转多云 , 西北风 , 小于3级
2013-12-25 , 9 , 0 , 多云转阴 , 西北风 , 3-4级转4-5级
2013-12-26 , 5 , -1 , 阴转多云 , 北风 , 4-5级转小于3级
2013-12-27 , 5 , -4 , 晴 , 西北风 , 3-4级转小于3级
2013-12-28 , 7 , -4 , 晴 , 西南风 , 小于3级
2013-12-29 , 10 , -2 , 多云转晴 , 西风 , 小于3级
2013-12-30 , 10 , 0 , 晴 , 西南风 , 小于3级
2013-12-31 , 16 , 2 , 晴 , 南风 , 小于3级
2013-01-01 , 7 , 0 , 多云转阴 , 东风 , 小于3级
2013-01-02 , 3 , 0 , 阴 , 东北风 , 4-5级转3-4级
2013-01-03 , 0 , -2 , 小雪转中雪 , 南风 , 小于3级
2013-01-04 , 2 , -2 , 大雪转小雪 , 西北风 , 小于3级
2013-01-05 , 2 , -1 , 雨夹雪转阴 , 西北风 , 小于3级
2013-01-06 , 4 , -1 , 雨夹雪转小雨 , 西南风 , 小于3级
2013-01-07 , 4 , 0 , 阴 , 西风 , 小于3级
2013-01-08 , 4 , 1 , 阴 , 西南风 , 3-4级
2013-01-09 , 8 , 0 , 多云 , 西北风 , 小于3级
2013-01-10 , 8 , 1 , 多云 , 南风 , 小于3级
2013-01-11 , 8 , 0 , 多云转阴 , 西南风 , 小于3级
2013-01-12 , 6 , 4 , 大雨转中雨 , 西南风 , 小于3级转3-4级
2013-01-13 , 9 , 3 , 阴转多云 , 西北风 , 小于3级转3-4级
2013-01-14 , 11 , 2 , 多云 , 东北风 , 小于3级
2013-01-15 , 9 , 2 , 阴转多云 , 南风 , 小于3级转3-4级
2013-01-16 , 5 , 2 , 多云 , 北风 , 3-4级
2013-01-17 , 5 , -3 , 晴 , 北风 , 小于3级
2013-01-18 , 10 , -1 , 晴转多云 , 北风 , 小于3级
2013-01-19 , 13 , 4 , 多云 , 南风 , 小于3级
2013-01-20 , 12 , 8 , 阴转小雨 , 北风 , 小于3级
2013-01-21 , 7 , 4 , 小雨 , 北风 , 3-4级
2013-01-22 , 10 , 2 , 阴转多云 , 南风 , 小于3级
2013-01-23 , 13 , 4 , 多云 , 东南风 , 小于3级转3-4级
2013-01-24 , 10 , 1 , 多云转晴 , 北风 , 小于3级
2013-01-25 , 13 , 3 , 晴 , 北风 , 小于3级
2013-01-26 , 13 , 1 , 多云转晴 , 东北风 , 小于3级
2013-01-27 , 13 , 1 , 晴转多云 , 南风 , 小于3级
2013-01-28 , 15 , 6 , 阴 , 北风 , 小于3级
2013-01-29 , 18 , 7 , 多云转晴 , 北风 , 小于3级
2013-01-30 , 19 , 7 , 多云转阴 , 南风 , 小于3级
2013-01-31 , 17 , 13 , 中雨转小雨 , 西南风 , 小于3级
2013-02-01 , 12 , 7 , 小雨转阴 , 北风 , 3-4级
2013-02-02 , 15 , 5 , 阴转小雨 , 东风 , 3-4级转小于3级
2013-02-03 , 11 , 8 , 小雨 , 南风 , 小于3级
2013-02-04 , 9 , 6 , 中雨 , 东风 , 3-4级
2013-02-05 , 9 , 5 , 阴 , 北风 , 小于3级
2013-02-06 , 5 , 1 , 小雨转中雪 , 南风 , 小于3级
2013-02-07 , 1 , -2 , 大雪 , 东北风 , 3-4级转小于3级
2013-02-08 , 1 , -2 , 中雪转雨夹雪 , 南风 , 小于3级
2013-02-09 , 6 , -1 , 多云 , 西风 , 小于3级
2013-02-10 , 7 , 3 , 阴转小雨 , 东风 , 小于3级
2013-02-11 , 6 , 3 , 中雨转阴 , 东风 , 小于3级
2013-02-12 , 9 , 2 , 阴转多云 , 北风 , 小于3级
2013-02-13 , 8 , 5 , 小雨 , 北风 , 小于3级
2013-02-14 , 7 , 4 , 小雨转多云 , 北风 , 小于3级
2013-02-15 , 12 , 2 , 多云 , 西北风 , 小于3级
2013-02-16 , 13 , 6 , 阵雨 , 北风 , 小于3级
2013-02-17 , 11 , 6 , 阵雨转中雨 , 东北风 , 小于3级转5-6级
2013-02-18 , 5 , 1 , 雨夹雪转中雪 , 东北风 , 4-5级转3-4级
2013-02-19 , 6 , -1 , 阴转小雨 , 西北风 , 小于3级
2013-02-20 , 10 , 2 , 多云转小雨 , 北风 , 小于3级
2013-02-21 , 10 , 5 , 小雨转阴 , 东风 , 小于3级
2013-02-22 , 14 , 3 , 多云转晴 , 西南风 , 小于3级
2013-02-23 , 15 , 4 , 晴转多云 , 东风 , 小于3级
2013-02-24 , 18 , 10 , 多云转小雨 , 南风 , 小于3级
2013-02-25 , 16 , 12 , 中雨 , 东北风 , 小于3级
2013-02-26 , 14 , 9 , 阴 , 东北风 , 小于3级
2013-02-27 , 21 , 8 , 阴转多云 , 东风 , 小于3级
2013-02-28 , 15 , 3 , 中雨转大雨 , 西南风 , 5-6级
2013-03-01 , 7 , 1 , 小雨转阴 , 东风 , 3-4级转小于3级
2013-03-02 , 12 , 0 , 多云转晴 , 北风 , 小于3级
2013-03-03 , 17 , 4 , 晴 , 西南风 , 小于3级
2013-03-04 , 20 , 6 , 晴转多云 , 东北风 , 小于3级
2013-03-05 , 23 , 10 , 晴转多云 , 西南风 , 小于3级
2013-03-06 , 23 , 11 , 多云转晴 , 西南风 , 小于3级
2013-03-07 , 28 , 12 , 晴 , 西南风 , 小于3级
2013-03-08 , 30 , 16 , 晴转多云 , 西南风 , 3-4级转小于3级
2013-03-09 , 10 , 6 , 阵雨 , 西南风 , 5-6级转4-5级
2013-03-10 , 15 , 6 , 阴转多云 , 东风 , 小于3级
2013-03-11 , 24 , 7 , 多云 , 东北风 , 小于3级
2013-03-12 , 20 , 7 , 大雨 , 北风 , 5-6级
2013-03-13 , 11 , 2 , 阴转多云 , 北风 , 小于3级
2013-03-14 , 17 , 4 , 晴转多云 , 东风 , 小于3级
2013-03-15 , 21 , 8 , 多云转阵雨 , 东风 , 3-4级
2013-03-16 , 21 , 12 , 中雨 , 东北风 , 小于3级
2013-03-17 , 22 , 12 , 暴雨转多云 , 北风 , 小于3级
2013-03-18 , 22 , 13 , 多云转中雨 , 西南风 , 小于3级
2013-03-19 , 16 , 10 , 中雨转阴 , 西南风 , 小于3级
2013-03-20 , 15 , 3 , 阴转多云 , 东北风 , 小于3级
2013-03-21 , 21 , 10 , 中雨转阵雨 , 南风 , 小于3级
2013-03-22 , 17 , 9 , 雷阵雨转大雨 , 东北风 , 小于3级转3-4级
2013-03-23 , 13 , 8 , 中雨转小雨 , 北风 , 小于3级
2013-03-24 , 12 , 5 , 阴转多云 , 东北风 , 3-4级
2013-03-25 , 10 , 7 , 中雨转阵雨 , 东风 , 小于3级
2013-03-26 , 17 , 5 , 阴转多云 , 西北风 , 小于3级
2013-03-27 , 19 , 8 , 多云转阴 , 北风 , 小于3级
2013-03-28 , 15 , 11 , 阵雨转阴 , 东风 , 小于3级
2013-03-29 , 18 , 9 , 多云转阴 , 东风 , 小于3级
2013-03-30 , 18 , 10 , 阴转多云 , 东北风 , 小于3级
2013-03-31 , 17 , 9 , 多云转阵雨 , 东风 , 小于3级
2013-04-01 , 17 , 12 , 阴转多云 , 西南风 , 小于3级
2013-04-02 , 19 , 8 , 多云 , 北风 , 小于3级
2013-04-03 , 22 , 11 , 阴转多云 , 东风 , 小于3级
2013-04-04 , 20 , 15 , 阴转阵雨 , 东风 , 小于3级
2013-04-05 , 16 , 9 , 中雨转小雨 , 北风 , 5-6级
2013-04-06 , 17 , 5 , 多云转晴 , 西北风 , 3-4级
2013-04-07 , 22 , 8 , 晴转多云 , 东南风 , 小于3级
2013-04-08 , 19 , 10 , 多云 , 西北风 , 3-4级
2013-04-09 , 20 , 10 , 多云转晴 , 东北风 , 小于3级
2013-04-10 , 22 , 10 , 晴 , 北风 , 小于3级
2013-04-11 , 24 , 11 , 晴 , 南风 , 小于3级
2013-04-12 , 28 , 14 , 晴转多云 , 南风 , 小于3级
2013-04-13 , 28 , 15 , 多云 , 西南风 , 小于3级
2013-04-14 , 31 , 14 , 晴 , 东风 , 3-4级
2013-04-15 , 29 , 18 , 多云转阵雨 , 西南风 , 小于3级
2013-04-16 , 26 , 17 , 阵雨转多云 , 西南风 , 小于3级
2013-04-17 , 24 , 17 , 多云转阴 , 南风 , 小于3级转4-5级
2013-04-18 , 15 , 10 , 阴 , 东北风 , 4-5级转3-4级
2013-04-19 , 12 , 8 , 中雨 , 东风 , 小于3级
2013-04-20 , 16 , 6 , 多云转晴 , 北风 , 3-4级转小于3级
2013-04-21 , 21 , 9 , 晴转阵雨 , 东风 , 小于3级
2013-04-22 , 20 , 13 , 阵雨转中雨 , 南风 , 小于3级
2013-04-23 , 21 , 13 , 中雨转阴 , 西南风 , 小于3级
2013-04-24 , 26 , 13 , 多云转晴 , 南风 , 小于3级
2013-04-25 , 28 , 12 , 晴 , 西北风 , 3-4级
2013-04-26 , 29 , 14 , 晴 , 北风 , 3-4级
2013-04-27 , 29 , 15 , 晴转多云 , 西南风 , 小于3级
2013-04-28 , 29 , 18 , 多云转雷阵雨 , 南风 , 小于3级
2013-04-29 , 22 , 13 , 暴雨 , 东北风 , 4-5级转小于3级
2013-04-30 , 23 , 11 , 阴转多云 , 北风 , 3-4级转小于3级
2013-05-01 , 25 , 13 , 晴转多云 , 北风 , 小于3级
2013-05-02 , 26 , 14 , 晴转多云 , 东风 , 小于3级
2013-05-03 , 27 , 15 , 多云 , 东北风 , 小于3级
2013-05-04 , 25 , 15 , 多云转阴 , 东风 , 小于3级
2013-05-05 , 23 , 18 , 阵雨 , 北风 , 小于3级
2013-05-06 , 22 , 18 , 阵雨 , 东风 , 小于3级
2013-05-07 , 22 , 19 , 阵雨 , 东南风 , 小于3级
2013-05-08 , 24 , 18 , 阵雨转中雨 , 南风 , 小于3级
2013-05-09 , 27 , 19 , 中雨转多云 , 西北风 , 小于3级
2013-05-10 , 29 , 19 , 阴转多云 , 西北风 , 小于3级
2013-05-11 , 31 , 18 , 晴 , 南风 , 小于3级
2013-05-12 , 33 , 19 , 晴 , 东风 , 小于3级
2013-05-13 , 33 , 19 , 晴转多云 , 东南风 , 小于3级
2013-05-14 , 28 , 22 , 多云转阵雨 , 东风 , 小于3级
2013-05-15 , 22 , 19 , 暴雨转中雨 , 北风 , 3-4级
2013-05-16 , 23 , 19 , 阵雨 , 东北风 , 小于3级
2013-05-17 , 23 , 19 , 小雨转中雨 , 东风 , 小于3级
2013-05-18 , 27 , 20 , 阵雨转多云 , 西北风 , 小于3级
2013-05-19 , 31 , 21 , 多云 , 西南风 , 小于3级
2013-05-20 , 32 , 20 , 多云 , 北风 , 小于3级
2013-05-21 , 32 , 20 , 晴转多云 , 东风 , 小于3级
2013-05-22 , 28 , 22 , 多云转阴 , 东北风 , 小于3级
2013-05-23 , 31 , 21 , 阴转多云 , 东北风 , 小于3级
2013-05-24 , 34 , 23 , 多云转晴 , 东北风 , 小于3级
2013-05-25 , 28 , 23 , 多云转阵雨 , 南风 , 小于3级转3-4级
2013-05-26 , 28 , 23 , 中雨转小雨 , 南风 , 4-5级转3-4级
2013-05-27 , 33 , 21 , 多云转晴 , 西北风 , 小于3级
2013-05-28 , 34 , 22 , 晴转阵雨 , 东风 , 3-4级
2013-05-29 , 27 , 21 , 中雨转大雨 , 北风 , 4-5级转小于3级
2013-05-30 , 26 , 17 , 小雨转阵雨 , 西北风 , 4-5级转小于3级
2013-05-31 , 26 , 21 , 阴转阵雨 , 西南风 , 小于3级
2013-06-01 , 25 , 20 , 中雨转小雨 , 东北风 , 小于3级
2013-06-02 , 29 , 17 , 阴转多云 , 西南风 , 小于3级
2013-06-03 , 30 , 18 , 晴转多云 , 东风 , 小于3级
2013-06-04 , 29 , 20 , 多云 , 北风 , 小于3级
2013-06-05 , 32 , 21 , 多云 , 东风 , 小于3级
2013-06-06 , 25 , 22 , 中雨转暴雨 , 西风 , 小于3级
2013-06-07 , 24 , 22 , 中雨转阴 , 西北风 , 小于3级转4-5级
2013-06-08 , 26 , 20 , 阴转多云 , 西北风 , 4-5级
2013-06-09 , 25 , 19 , 阴 , 北风 , 小于3级
2013-06-10 , 25 , 20 , 小雨 , 西北风 , 3-4级转小于3级
2013-06-11 , 26 , 19 , 小雨转多云 , 西北风 , 小于3级
2013-06-12 , 26 , 19 , 阴转多云 , 北风 , 小于3级
2013-06-13 , 25 , 19 , 阴转小雨 , 东风 , 小于3级转3-4级
2013-06-14 , 29 , 20 , 阵雨 , 西风 , 小于3级
2013-06-15 , 34 , 24 , 多云转雷阵雨 , 东风 , 小于3级
2013-06-16 , 35 , 25 , 多云转晴 , 西南风 , 小于3级
2013-06-17 , 36 , 26 , 多云转雷阵雨 , 北风 , 小于3级
2013-06-18 , 36 , 27 , 多云转雷阵雨 , 西南风 , 小于3级
2013-06-19 , 33 , 26 , 多云转雷阵雨 , 西南风 , 小于3级
2013-06-20 , 31 , 23 , 阴转多云 , 东北风 , 3-4级转小于3级
2013-06-21 , 31 , 25 , 多云转阵雨 , 东风 , 小于3级
2013-06-22 , 31 , 25 , 多云转雷阵雨 , 东北风 , 小于3级
2013-06-23 , 31 , 26 , 阵雨转中雨 , 北风 , 3-4级
2013-06-24 , 31 , 25 , 阵雨转大雨 , 北风 , 小于3级
2013-06-25 , 30 , 25 , 中雨 , 西南风 , 3-4级
2013-06-26 , 25 , 23 , 大雨转暴雨 , 西风 , 小于3级
2013-06-27 , 25 , 22 , 大雨 , 西北风 , 小于3级
2013-06-28 , 27 , 22 , 大雨 , 东北风 , 小于3级
2013-06-29 , 31 , 23 , 阵雨转雷阵雨 , 北风 , 小于3级
2013-06-30 , 35 , 25 , 多云 , 西南风 , 小于3级
2013-07-01 , 37 , 26 , 多云转晴 , 西南风 , 小于3级
2013-07-02 , 37 , 27 , 晴 , 西南风 , 4-5级转3-4级
2013-07-03 , 37 , 28 , 晴转多云 , 西南风 , 小于3级
2013-07-04 , 35 , 27 , 多云转雷阵雨 , 西风 , 小于3级
2013-07-05 , 34 , 25 , 雷阵雨转阵雨 , 东北风 , 3-4级
2013-07-06 , 35 , 27 , 多云 , 西南风 , 小于3级
2013-07-07 , 36 , 27 , 多云 , 西南风 , 小于3级
2013-07-08 , 37 , 28 , 多云转晴 , 南风 , 小于3级
2013-07-09 , 38 , 28 , 晴转多云 , 西南风 , 小于3级
2013-07-10 , 38 , 28 , 晴 , 东风 , 小于3级
2013-07-11 , 36 , 28 , 晴转多云 , 东南风 , 小于3级转3-4级
2013-07-12 , 33 , 26 , 多云转阵雨 , 东风 , 4-5级转5-6级
2013-07-13 , 36 , 27 , 阵雨转多云 , 东风 , 5-6级转4-5级
2013-07-14 , 37 , 28 , 多云 , 南风 , 5-6级转4-5级
2013-07-15 , 37 , 28 , 多云 , 西南风 , 3-4级
2013-07-16 , 37 , 28 , 多云 , 南风 , 3-4级转小于3级
2013-07-17 , 37 , 28 , 晴 , 南风 , 3-4级
2013-07-18 , 37 , 27 , 晴转多云 , 南风 , 小于3级
2013-07-19 , 36 , 28 , 晴转多云 , 南风 , 小于3级
2013-07-20 , 34 , 26 , 多云转雷阵雨 , 西北风 , 3-4级转小于3级
2013-07-21 , 36 , 26 , 多云 , 西南风 , 3-4级转小于3级
2013-07-22 , 38 , 27 , 多云转晴 , 西南风 , 3-4级
2013-07-23 , 39 , 28 , 晴 , 西南风 , 小于3级
2013-07-24 , 40 , 30 , 晴 , 东风 , 小于3级
2013-07-25 , 39 , 30 , 晴 , 西南风 , 小于3级
2013-07-26 , 39 , 29 , 晴 , 东风 , 小于3级
2013-07-27 , 40 , 29 , 晴 , 南风 , 小于3级
2013-07-28 , 40 , 30 , 晴转多云 , 西北风 , 小于3级
2013-07-29 , 39 , 30 , 晴转多云 , 东北风 , 小于3级
2013-07-30 , 40 , 30 , 多云转晴 , 南风 , 小于3级
2013-07-31 , 39 , 28 , 多云转晴 , 北风 , 4-5级转小于3级
2013-08-01 , 39 , 27 , 多云转晴 , 南风 , 小于3级
2013-08-02 , 36 , 26 , 多云 , 南风 , 小于3级
2013-08-03 , 37 , 27 , 多云 , 西南风 , 小于3级
2013-08-04 , 38 , 28 , 多云 , 西北风 , 小于3级
2013-08-05 , 40 , 29 , 晴 , 西南风 , 3-4级转小于3级
2013-08-06 , 40 , 30 , 晴 , 南风 , 小于3级
2013-08-07 , 40 , 30 , 晴 , 东南风 , 小于3级
2013-08-08 , 40 , 30 , 晴 , 南风 , 小于3级
2013-08-09 , 41 , 31 , 晴 , 东南风 , 小于3级
2013-08-10 , 40 , 30 , 晴 , 西风 , 3-4级转小于3级
2013-08-11 , 40 , 29 , 晴 , 东北风 , 小于3级
2013-08-12 , 39 , 28 , 晴 , 东风 , 小于3级
2013-08-13 , 39 , 29 , 晴 , 南风 , 小于3级
2013-08-14 , 37 , 28 , 晴转多云 , 南风 , 小于3级
2013-08-15 , 37 , 29 , 晴转多云 , 东风 , 3-4级转小于3级
2013-08-16 , 37 , 28 , 多云 , 东风 , 小于3级
2013-08-17 , 37 , 28 , 多云 , 东北风 , 小于3级
2013-08-18 , 33 , 26 , 雷阵雨转阵雨 , 东北风 , 3-4级转小于3级
2013-08-19 , 34 , 27 , 多云 , 东风 , 小于3级
2013-08-20 , 33 , 27 , 阵雨 , 东风 , 3-4级
2013-08-21 , 32 , 28 , 中雨 , 东北风 , 5-6级
2013-08-22 , 34 , 27 , 阴转多云 , 东风 , 小于3级
2013-08-23 , 35 , 27 , 多云转雷阵雨 , 南风 , 小于3级
2013-08-24 , 31 , 28 , 多云转中雨 , 西北风 , 小于3级
2013-08-25 , 29 , 26 , 中雨 , 西风 , 3-4级
2013-08-26 , 33 , 24 , 雷阵雨 , 东风 , 小于3级
2013-08-27 , 35 , 26 , 阴转多云 , 东风 , 小于3级
2013-08-28 , 35 , 26 , 多云 , 西南风 , 小于3级
2013-08-29 , 32 , 27 , 阵雨转中雨 , 西北风 , 3-4级转4-5级
2013-08-30 , 29 , 24 , 阴转多云 , 东北风 , 4-5级
2013-08-31 , 30 , 21 , 多云 , 东北风 , 小于3级
2013-09-01 , 29 , 22 , 多云 , 东风 , 小于3级
2013-09-02 , 30 , 21 , 晴转多云 , 东北风 , 小于3级
2013-09-03 , 30 , 21 , 多云 , 东北风 , 4-5级转3-4级
2013-09-04 , 28 , 21 , 多云 , 东风 , 小于3级
2013-09-05 , 23 , 20 , 阵雨 , 北风 , 小于3级
2013-09-06 , 24 , 19 , 小雨 , 北风 , 小于3级
2013-09-07 , 28 , 21 , 阴转多云 , 西北风 , 小于3级
2013-09-08 , 32 , 22 , 多云 , 东风 , 小于3级
2013-09-09 , 35 , 24 , 晴转多云 , 东风 , 小于3级
2013-09-10 , 34 , 25 , 多云转阵雨 , 西北风 , 小于3级
2013-09-11 , 34 , 25 , 多云 , 西南风 , 小于3级
2013-09-12 , 34 , 24 , 多云转雷阵雨 , 西北风 , 小于3级
2013-09-13 , 32 , 25 , 雷阵雨转阵雨 , 西南风 , 小于3级
2013-09-14 , 32 , 23 , 多云 , 北风 , 小于3级
2013-09-15 , 31 , 22 , 多云转晴 , 东北风 , 小于3级
2013-09-16 , 30 , 22 , 晴 , 东风 , 小于3级
2013-09-17 , 30 , 22 , 多云 , 东风 , 小于3级
2013-09-18 , 30 , 21 , 多云 , 东风 , 3-4级
2013-09-19 , 30 , 22 , 多云 , 东风 , 小于3级
2013-09-20 , 28 , 23 , 阵雨 , 东风 , 小于3级
2013-09-21 , 28 , 24 , 阵雨转中雨 , 东风 , 小于3级
2013-09-22 , 31 , 26 , 阴转多云 , 东风 , 4-5级转3-4级
2013-09-23 , 32 , 25 , 多云 , 南风 , 小于3级
2013-09-24 , 27 , 20 , 中雨 , 北风 , 5-6级
2013-09-25 , 24 , 18 , 阴转多云 , 西北风 , 4-5级转3-4级
2013-09-26 , 26 , 17 , 多云 , 北风 , 小于3级
2013-09-27 , 25 , 19 , 小雨转阵雨 , 东风 , 小于3级
2013-09-28 , 25 , 19 , 阵雨转阴 , 西风 , 小于3级
2013-09-29 , 27 , 19 , 多云 , 西北风 , 小于3级
2013-09-30 , 28 , 18 , 多云转晴 , 北风 , 小于3级
2013-10-01 , 26 , 18 , 多云 , 西北风 , 小于3级转3-4级
2013-10-02 , 26 , 16 , 多云转晴 , 东北风 , 3-4级转小于3级
2013-10-03 , 26 , 16 , 晴转多云 , 东北风 , 小于3级
2013-10-04 , 26 , 16 , 晴转多云 , 东风 , 小于3级
2013-10-05 , 24 , 18 , 阵雨转中雨 , 东北风 , 小于3级
2013-10-06 , 23 , 21 , 暴雨 , 北风 , 7-8级
2013-10-07 , 24 , 21 , 大雨转中雨 , 北风 , 4-5级转3-4级
2013-10-08 , 24 , 19 , 小雨转阴 , 西北风 , 小于3级
2013-10-09 , 28 , 19 , 阴转多云 , 南风 , 小于3级
2013-10-10 , 31 , 20 , 晴 , 西南风 , 小于3级
2013-10-11 , 28 , 19 , 多云转晴 , 东风 , 小于3级
2013-10-12 , 28 , 18 , 多云转晴 , 东风 , 小于3级
2013-10-13 , 28 , 18 , 多云转晴 , 东风 , 小于3级
2013-10-14 , 28 , 14 , 多云~小雨 , 西风 , 小于3级
2013-10-15 , 18 , 11 , 阴转多云 , 西北风 , 5-6级转4-5级
2013-10-16 , 20 , 12 , 多云转阴 , 北风 , 小于3级
2013-10-17 , 21 , 15 , 多云转阴 , 西北风 , 小于3级
2013-10-18 , 22 , 16 , 阴转小雨 , 北风 , 小于3级
2013-10-19 , 22 , 16 , 阴 , 西风 , 小于3级
2013-10-20 , 23 , 14 , 多云转晴 , 西北风 , 小于3级
2013-10-21 , 21 , 13 , 多云 , 西北风 , 小于3级
2013-10-22 , 22 , 13 , 多云 , 西北风 , 小于3级
2013-10-23 , 22 , 14 , 多云 , 西北风 , 小于3级
2013-10-24 , 18 , 11 , 多云 , 北风 , 4-5级
2013-10-25 , 19 , 9 , 晴 , 西北风 , 4-5级转小于3级
2013-10-26 , 20 , 10 , 晴转多云 , 西北风 , 小于3级
2013-10-27 , 23 , 11 , 晴转多云 , 东风 , 小于3级
2013-10-28 , 25 , 13 , 晴转多云 , 西北风 , 小于3级
2013-10-29 , 24 , 15 , 多云 , 东南风 , 小于3级
2013-10-30 , 23 , 18 , 小雨 , 东北风 , 小于3级
2013-10-31 , 23 , 17 , 阴转多云 , 东风 , 小于3级
2013-11-01 , 22 , 17 , 多云转小雨 , 东北风 , 小于3级
2013-11-02 , 22 , 18 , 阴转小雨 , 东北风 , 小于3级
2013-11-03 , 21 , 15 , 阴转多云 , 西北风 , 小于3级
2013-11-04 , 22 , 11 , 晴转多云 , 西北风 , 小于3级
2013-11-05 , 24 , 12 , 多云转阴 , 南风 , 小于3级转3-4级
2013-11-06 , 23 , 13 , 多云转晴 , 北风 , 小于3级
2013-11-07 , 25 , 13 , 晴转多云 , 西南风 , 小于3级
2013-11-08 , 28 , 16 , 多云 , 西北风 , 小于3级
2013-11-09 , 23 , 15 , 阵雨转小雨 , 西南风 , 4-5级转5-6级
2013-11-10 , 15 , 11 , 阴 , 西北风 , 3-4级转小于3级
2013-11-11 , 15 , 11 , 阴转小雨 , 北风 , 3-4级转小于3级
2013-11-12 , 15 , 10 , 小雨转阴 , 北风 , 小于3级
2013-11-13 , 16 , 13 , 小雨 , 西北风 , 小于3级
2013-11-14 , 18 , 10 , 阴转多云 , 西南风 , 小于3级
2013-11-15 , 20 , 8 , 晴 , 西北风 , 小于3级
2013-11-16 , 15 , 8 , 晴 , 西北风 , 3-4级
2013-11-17 , 16 , 6 , 晴 , 西北风 , 3-4级转小于3级
2013-11-18 , 16 , 4 , 晴 , 南风 , 小于3级
2013-11-19 , 18 , 6 , 晴 , 南风 , 小于3级
2013-11-20 , 21 , 8 , 晴转多云 , 西北风 , 小于3级
2013-11-21 , 20 , 9 , 多云 , 西南风 , 小于3级
2013-11-22 , 21 , 9 , 晴转多云 , 西风 , 小于3级
2013-11-23 , 16 , 12 , 多云转中雨 , 南风 , 小于3级转4-5级
2013-11-24 , 15 , 5 , 阴转多云 , 西风 , 5-6级转小于3级
2013-11-25 , 15 , 4 , 晴 , 西南风 , 小于3级
2013-11-26 , 11 , 5 , 多云 , 西北风 , 3-4级转5-6级
2013-11-27 , 9 , 1 , 多云 , 北风 , 5-6级转4-5级
2013-11-28 , 10 , -1 , 晴 , 西北风 , 小于3级
2013-11-29 , 14 , 1 , 晴 , 西南风 , 小于3级
2013-11-30 , 13 , 4 , 晴 , 南风 , 小于3级转3-4级
2013-12-01 , 17 , 3 , 晴 , 西南风 , 小于3级
2013-12-02 , 18 , 5 , 晴转多云 , 南风 , 小于3级
2013-12-03 , 16 , 8 , 多云 , 西北风 , 3-4级
2013-12-04 , 17 , 7 , 多云转晴 , 东南风 , 小于3级
2013-12-05 , 16 , 8 , 多云 , 西北风 , 3-4级转小于3级
2013-12-06 , 16 , 5 , 雾转霾 , 北风 , 小于3级
2013-12-07 , 17 , 7 , 雾转霾 , 西北风 , 小于3级
2013-12-08 , 14 , 9 , 霾转阴 , 南风 , 小于3级转5-6级
2013-12-09 , 9 , 2 , 多云转晴 , 西北风 , 4-5级转小于3级
2013-12-10 , 12 , 3 , 晴转多云 , 西北风 , 3-4级转小于3级
2013-12-11 , 13 , 4 , 晴转多云 , 东风 , 小于3级
2013-12-12 , 13 , 3 , 阴转多云 , 南风 , 小于3级转3-4级
2013-12-13 , 14 , 5 , 多云 , 东风 , 小于3级
2013-12-14 , 10 , 7 , 阴转阵雨 , 西北风 , 小于3级
2013-12-15 , 10 , 5 , 小雨转中雨 , 东南风 , 小于3级
2013-12-16 , 6 , 4 , 大雨转中雨 , 西北风 , 小于3级
2013-12-17 , 6 , 1 , 雨夹雪 , 西北风 , 小于3级转4-5级
2013-12-18 , 8 , -1 , 多云转晴 , 西北风 , 3-4级转小于3级
2013-12-19 , 7 , 0 , 多云转晴 , 西风 , 小于3级
2013-12-20 , 6 , -2 , 多云 , 西北风 , 3-4级
2013-12-21 , 7 , -2 , 晴 , 西北风 , 小于3级
2013-12-22 , 8 , -2 , 晴转多云 , 西北风 , 小于3级
2013-12-23 , 8 , 0 , 晴转多云 , 西北风 , 小于3级
2013-12-24 , 9 , 0 , 晴转多云 , 西北风 , 小于3级
2013-12-25 , 9 , 0 , 多云转阴 , 西北风 , 3-4级转4-5级
2013-12-26 , 5 , -1 , 阴转多云 , 北风 , 4-5级转小于3级
2013-12-27 , 5 , -4 , 晴 , 西北风 , 3-4级转小于3级
2013-12-28 , 7 , -4 , 晴 , 西南风 , 小于3级
2013-12-29 , 10 , -2 , 多云转晴 , 西风 , 小于3级
2013-12-30 , 10 , 0 , 晴 , 西南风 , 小于3级
2013-12-31 , 16 , 2 , 晴 , 南风 , 小于3级
2015-01-01 , 9 , -3 , 晴 , 西南风 , 小于3级
2015-01-02 , 13 , 0 , 晴 , 西风 , 小于3级
2015-01-03 , 18 , 5 , 晴 , 南风 , 小于3级
2015-01-04 , 20 , 6 , 晴转多云 , 西北风 , 小于3级
2015-01-05 , 10 , 4 , 阴转小雨 , 西北风 , 4-5级转5-6级
2015-01-06 , 8 , 1 , 雨夹雪转阴 , 东北风 , 4-5级转小于3级
2015-01-07 , 10 , -1 , 多云转晴 , 西北风 , 小于3级
2015-01-08 , 12 , 0 , 晴 , 东北风 , 小于3级
2015-01-09 , 14 , 2 , 晴转多云 , 西北风 , 小于3级
2015-01-10 , 15 , 4 , 多云 , 西南风 , 小于3级
2015-01-11 , 13 , 3 , 晴转多云 , 西北风 , 小于3级
2015-01-12 , 8 , 5 , 小雨 , 东风 , 小于3级
2015-01-13 , 9 , 5 , 中雨转小雨 , 西北风 , 小于3级
2015-01-14 , 10 , 5 , 阴 , 北风 , 3-4级转小于3级
2015-01-15 , 11 , 3 , 多云 , 南风 , 小于3级转3-4级
2015-01-16 , 10 , 3 , 晴转多云 , 西北风 , 小于3级
2015-01-17 , 11 , 2 , 多云转晴 , 东风 , 小于3级
2015-01-18 , 13 , 2 , 多云转晴 , 西北风 , 小于3级
2015-01-19 , 12 , 3 , 多云转阴 , 东南风 , 小于3级
2015-01-20 , 17 , 7 , 小雨转多云 , 南风 , 小于3级转3-4级
2015-01-21 , 11 , 2 , 多云转晴 , 西北风 , 4-5级转小于3级
2015-01-22 , 13 , 0 , 晴 , 北风 , 小于3级
2015-01-23 , 18 , 3 , 多云 , 西南风 , 小于3级
2015-01-24 , 14 , 10 , 小雨 , 东风 , 小于3级
2015-01-25 , 12 , 8 , 小雨转阴 , 东北风 , 小于3级
2015-01-26 , 9 , 5 , 小雨 , 北风 , 4-5级
2015-01-27 , 5 , 1 , 雨夹雪 , 东北风 , 4-5级转3-4级
2015-01-28 , 5 , 2 , 小雨转中雨 , 东北风 , 小于3级
2015-01-29 , 5 , 2 , 雨夹雪转阴 , 西北风 , 3-4级转4-5级
2015-01-30 , 6 , -1 , 阴转多云 , 西北风 , 小于3级
2015-01-31 , 7 , 2 , 阴转小雨 , 北风 , 小于3级
2015-02-01 , 7 , 3 , 小雨 , 西风 , 小于3级
2015-02-02 , 6 , 2 , 小雨 , 西北风 , 小于3级
2015-02-03 , 9 , 4 , 小雨转多云 , 西北风 , 小于3级转3-4级
2015-02-04 , 9 , 0 , 多云转晴 , 西北风 , 3-4级转4-5级
2015-02-05 , 9 , -1 , 晴转多云 , 西北风 , 小于3级
2015-02-06 , 12 , 1 , 多云 , 西风 , 小于3级
2015-02-07 , 8 , 2 , 阴转多云 , 北风 , 4-5级
2015-02-08 , 8 , -3 , 晴 , 东北风 , 3-4级
2015-02-09 , 8 , -3 , 晴 , 东北风 , 3-4级
2015-02-10 , 14 , 1 , 多云转晴 , 东风 , 小于3级转3-4级
2015-02-11 , 14 , 1 , 多云转晴 , 东风 , 小于3级转3-4级
2015-02-12 , 16 , 4 , 晴~多云 , 东风 , 小于3级转3-4级
2015-02-13 , 21 , 5 , 晴转多云 , 北风 , 小于3级转3-4级
2015-02-14 , 19 , 13 , 小雨 , 南风 , 小于3级
2015-02-15 , 18 , 12 , 阴转多云 , 北风 , 小于3级
2015-02-16 , 15 , 6 , 多云 , 西北风 , 小于3级
2015-02-17 , 14 , 5 , 多云转晴 , 东风 , 小于3级转3-4级
2015-02-18 , 12 , 3 , 晴转多云 , 东风 , 小于3级
2015-02-19 , 12 , 6 , 小雨 , 东风 , 3-4级转小于3级
2015-02-20 , 12 , 9 , 中雨转小雨 , 西风 , 小于3级
2015-02-21 , 13 , 7 , 阴转小雨 , 东北风 , 小于3级
2015-02-22 , 10 , 6 , 小雨 , 东北风 , 小于3级
2015-02-23 , 12 , 7 , 小雨转阴 , 东北风 , 小于3级
2015-02-24 , 11 , 8 , 小雨 , 东风 , 小于3级
2015-02-25 , 9 , 7 , 小雨转中雨 , 东北风 , 小于3级
2015-02-26 , 8 , 6 , 小雨转中雨 , 东北风 , 小于3级
2015-02-27 , 6 , 4 , 大雨 , 东北风 , 3-4级
2015-02-28 , 9 , 3 , 小雨转多云 , 北风 , 4-5级转小于3级
2015-03-01 , 14 , 3 , 晴转多云 , 西南风 , 3-4级转小于3级
2015-03-02 , 12 , 7 , 小雨 , 西北风 , 小于3级转4-5级
2015-03-03 , 8 , 3 , 阴转小雨 , 东北风 , 4-5级转3-4级
2015-03-04 , 4 , 1 , 雨夹雪转中雪 , 南风 , 小于3级
2015-03-05 , 6 , 3 , 雨夹雪转小雨 , 东北风 , 小于3级
2015-03-06 , 11 , 3 , 阴转多云 , 西风 , 小于3级
2015-03-07 , 10 , 5 , 小雨转中雨 , 东风 , 小于3级
2015-03-08 , 11 , 6 , 小雨转阴 , 西北风 , 小于3级转4-5级
2015-03-09 , 10 , 3 , 阴转多云 , 东北风 , 4-5级转3-4级
2015-03-10 , 12 , 3 , 多云 , 东风 , 3-4级转小于3级
2015-03-11 , 17 , 5 , 阴转多云 , 西风 , 小于3级
2015-03-12 , 22 , 7 , 晴 , 南风 , 小于3级
2015-03-13 , 16 , 10 , 多云转阵雨 , 北风 , 小于3级
2015-03-14 , 13 , 9 , 中雨转阵雨 , 东风 , 小于3级
2015-03-15 , 18 , 10 , 中雨转阴 , 东北风 , 3-4级转小于3级
2015-03-16 , 26 , 13 , 多云转阵雨 , 东北风 , 小于3级
2015-03-17 , 25 , 17 , 雷阵雨转阵雨 , 东北风 , 小于3级
2015-03-18 , 18 , 12 , 中雨转阴 , 北风 , 小于3级
2015-03-19 , 15 , 11 , 小雨转小到中雨 , 南风 , 小于3级
2015-03-20 , 19 , 11 , 小雨转多云 , 西北风 , 小于3级
2015-03-21 , 19 , 9 , 多云转晴 , 西南风 , 小于3级
2015-03-22 , 16 , 8 , 多云转阴 , 东风 , 小于3级
2015-03-23 , 16 , 6 , 多云 , 东北风 , 小于3级
2015-03-24 , 17 , 7 , 晴转多云 , 东风 , 小于3级
2015-03-25 , 18 , 8 , 晴转阵雨 , 东北风 , 3-4级
2015-03-26 , 17 , 10 , 阵雨 , 东北风 , 3-4级转小于3级
2015-03-27 , 22 , 9 , 阴转多云 , 南风 , 小于3级
2015-03-28 , 25 , 12 , 晴转多云 , 北风 , 小于3级
2015-03-29 , 20 , 14 , 中雨 , 西北风 , 小于3级
2015-03-30 , 28 , 17 , 多云 , 南风 , 小于3级转3-4级
2015-03-31 , 30 , 20 , 多云 , 南风 , 小于3级
2015-04-01 , 34 , 21 , 多云转雷阵雨 , 东风 , 小于3级
2015-04-02 , 24 , 17 , 中雨转小雨 , 东北风 , 4-5级
2015-04-03 , 29 , 13 , 阴转多云 , 东风 , 3-4级
2015-04-04 , 22 , 15 , 阵雨转雷阵雨 , 北风 , 小于3级
2015-04-05 , 15 , 10 , 中雨 , 北风 , 4-5级转5-6级
2015-04-06 , 10 , 6 , 中雨 , 北风 , 4-5级转5-6级
2015-04-07 , 12 , 4 , 小雨转阴 , 东北风 , 4-5级转小于3级
2015-04-08 , 14 , 6 , 多云转小到中雨 , 东风 , 小于3级
2015-04-09 , 17 , 9 , 阴转多云 , 暂无实况 , 小于3级
2015-04-10 , 20 , 9 , 多云 , 北风 , 小于3级
2015-04-11 , 22 , 10 , 多云 , 东北风 , 小于3级
2015-04-12 , 17 , 11 , 阵雨转阴 , 北风 , 4-5级转5-6级
2015-04-13 , 20 , 8 , 阴转多云 , 西南风 , 5-6级转4-5级
2015-04-14 , 24 , 10 , 晴转多云 , 南风 , 4-5级
2015-04-15 , 25 , 15 , 阴转多云 , 西风 , 3-4级转小于3级
2015-04-16 , 27 , 13 , 晴转多云 , 东风 , 3-4级转小于3级
2015-04-17 , 28 , 19 , 多云 , 北风 , 小于3级
2015-04-18 , 26 , 18 , 中雨 , 南风 , 小于3级
2015-04-19 , 20 , 13 , 中到大雨转小雨 , 北风 , 5-6级转4-5级
2015-04-20 , 21 , 9 , 多云转晴 , 西北风 , 3-4级
2015-04-21 , 25 , 11 , 多云转晴 , 西风 , 小于3级
2015-04-22 , 26 , 13 , 晴转多云 , 西南风 , 小于3级
2015-04-23 , 24 , 14 , 多云转阴 , 南风 , 小于3级
2015-04-24 , 27 , 13 , 多云转晴 , 南风 , 小于3级
2015-04-25 , 28 , 15 , 晴转多云 , 东风 , 小于3级
2015-04-26 , 26 , 16 , 多云 , 南风 , 3-4级转小于3级
2015-04-27 , 30 , 19 , 多云 , 西南风 , 小于3级
2015-04-28 , 27 , 19 , 雷阵雨转阵雨 , 北风 , 3-4级转4-5级
2015-04-29 , 28 , 17 , 多云转晴 , 东风 , 3-4级转小于3级
2015-04-30 , 30 , 15 , 晴转多云 , 东北风 , 小于3级转3-4级
2015-05-01 , 25 , 19 , 中雨转大雨 , 西北风 , 小于3级
2015-05-02 , 24 , 16 , 阴转多云 , 北风 , 小于3级
2015-05-03 , 26 , 17 , 多云 , 北风 , 小于3级
2015-05-04 , 25 , 15 , 阵雨转多云 , 南风 , 小于3级转3-4级
2015-05-05 , 22 , 17 , 阵雨转中雨 , 南风 , 3-4级
2015-05-06 , 29 , 18 , 多云 , 北风 , 小于3级
2015-05-07 , 29 , 18 , 多云 , 北风 , 小于3级
2015-05-08 , 25 , 18 , 中到大雨~中雨 , 北风 , 小于3级
2015-05-09 , 25 , 18 , 中到大雨~中雨 , 北风 , 小于3级
2015-05-10 , 25 , 18 , 中到大雨~中雨 , 北风 , 小于3级
2015-05-11 , 23 , 15 , 大雨~小雨 , 北风 , 小于3级
2015-05-12 , 26 , 15 , 晴~多云 , 西南风 , 小于3级
2015-05-13 , 31 , 20 , 晴~多云 , 西南风 , 小于3级
2015-05-14 , 27 , 21 , 阵雨 , 西南风 , 小于3级
2015-05-15 , 28 , 18 , 中雨~大雨 , 西北风 , 小于3级
2015-05-16 , 24 , 16 , 阴~多云 , 南风 , 小于3级
2015-05-17 , 25 , 20 , 阴~阵雨 , 西南风 , 小于3级
2015-05-18 , 26 , 20 , 中雨~阴 , 西南风 , 小于3级
2015-05-19 , 28 , 19 , 多云 , 西北风 , 小于3级
2015-05-20 , 27 , 15 , 多云 , 东北风 , 小于3级
2015-05-21 , 26 , 15 , 晴 , 东北风 , 小于3级
2015-05-22 , 29 , 20 , 阵雨 , 东南风 , 小于3级
2015-05-23 , 26 , 19 , 多云~ , 东北风 , 小于3级
2015-05-24 , 26 , 18 , 多云 , 东北风 , 小于3级
2015-05-25 , 27 , 19 , 多云 , 东北风 , 小于3级
2015-05-26 , 28 , 20 , 阴 , 西北风 , 小于3级
2015-05-27 , 28 , 22 , 阵雨 , 东北风 , 小于3级
2015-05-28 , 29 , 22 , 阴~阵雨 , 东北风 , 小于3级
2015-05-29 , 27 , 22 , 阵雨~中雨 , 西北风 , 小于3级
2015-05-30 , 27 , 20 , 阴 , 西南风 , 小于3级
2015-05-31 , 29 , 20 , 多云 , 东北风 , 小于3级
2015-06-01 , 31 , 24 , 多云~阵雨 , 西北风 , 小于3级
2015-06-02 , 31 , 22 , 中雨~大雨 , 西南风 , 小于3级
2015-06-03 , 24 , 19 , 阵雨~多云 , 东北风 , 小于3级
2015-06-04 , 25 , 19 , 阴~阵雨 , 西南风 , 小于3级
2015-06-05 , 29 , 19 , 多云 , 西南风 , 小于3级
2015-06-06 , 31 , 21 , 晴~多云 , 东南风 , 小于3级
2015-06-07 , 29 , 22 , 雷雨 , 西北风 , 小于3级
2015-06-08 , 23 , 20 , 大到暴雨 , 西北风 , 小于3级
2015-06-09 , 23 , 20 , 中雨 , 东南风 , 小于3级
2015-06-10 , 27 , 21 , 阵雨 , 西南风 , 小于3级
2015-06-11 , 31 , 23 , 多云 , 西南风 , 小于3级
2015-06-12 , 33 , 22 , 多云~阴 , 西南风 , 小于3级
2015-06-13 , 31 , 22 , 阴~阵雨 , 西南风 , 小于3级
2015-06-14 , 25 , 22 , 中雨~大雨 , 西南风 , 小于3级
2015-06-15 , 25 , 22 , 中雨 , 西北风 , 小于3级
2015-06-16 , 27 , 22 , 中雨~阵雨 , 东北风 , 小于3级
2015-06-17 , 29 , 21 , 中雨~大到暴雨 , 西北风 , 小于3级
2015-06-18 , 24 , 20 , 阵雨~阴 , 东北风 , 小于3级
2015-06-19 , 29 , 21 , 多云 , 南风 , 小于3级
2015-06-20 , 31 , 21 , 多云 , 西北风 , 小于3级
2015-06-21 , 26 , 22 , 阵雨~中雨 , 西南风 , 小于3级
2015-06-22 , 27 , 21 , 阵雨~阴 , 西南风 , 小于3级
2015-06-23 , 31 , 24 , 阴~多云 , 东南风 , 小于3级
2015-06-24 , 34 , 26 , 雷雨~多云 , 西南风 , 小于3级
2015-06-25 , 35 , 27 , 多云 , 西南风 , 小于3级
2015-06-26 , 32 , 25 , 雷雨~阵雨 , 东南风 , 小于3级
2015-06-27 , 33 , 25 , 雷雨~阵雨 , 东北风 , 小于3级
2015-06-28 , 25 , 23 , 小雨 , 东南风 , 小于3级
2015-06-29 , 33 , 24 , 多云 , 西南风 , 小于3级
2015-06-30 , 35 , 23 , 多云~雷雨 , 西北风 , 小于3级
2015-07-01 , 24 , 21 , 中雨~阵雨 , 西南风 , 小于3级
2015-07-02 , 29 , 21 , 多云~阴 , 东北风 , 小于3级
2015-07-03 , 29 , 22 , 阴~多云 , 东北风 , 小于3级
2015-07-04 , 24 , 20 , 阵雨 , 东南风 , 小于3级
2015-07-05 , 21 , 18 , 中雨 , 东南风 , 小于3级
2015-07-06 , 20 , 18 , 中雨~阵雨 , 东北风 , 小于3级
2015-07-07 , 21 , 18 , 阵雨 , 西北风 , 小于3级
2015-07-08 , 24 , 21 , 阵雨 , 东北风 , 小于3级
2015-07-09 , 28 , 24 , 阵雨 , 东北风 , 小于3级
2015-07-10 , 25 , 23 , 中雨~中到大雨 , 东北风 , 小于3级
2015-07-11 , 26 , 24 , 暴雨~大雨 , 西北风 , 小于3级
2015-07-12 , 29 , 24 , 阵雨~多云 , 西南风 , 小于3级
2015-07-13 , 35 , 24 , 晴~多云 , 西南风 , 小于3级
2015-07-14 , 35 , 24 , 晴~多云 , 东北风 , 小于3级
2015-07-15 , 33 , 23 , 多云 , 东北风 , 小于3级
2015-07-16 , 30 , 24 , 多云~阴 , 东北风 , 小于3级
2015-07-17 , 31 , 25 , 雷阵雨~阵雨 , 西南风 , 小于3级
2015-07-18 , 31 , 25 , 雷阵雨~阵雨 , 西北风 , 小于3级
2015-07-19 , 31 , 24 , 多云 , 东北风 , 小于3级
2015-07-20 , 32 , 25 , 多云 , 东北风 , 小于3级
2015-07-21 , 30 , 24 , 大雨~阵雨 , 东南风 , 小于3级
2015-07-22 , 32 , 26 , 雷阵雨 , 西南风 , 小于3级
2015-07-23 , 32 , 26 , 雷阵雨 , 南风 , 小于3级
2015-07-24 , 33 , 26 , 雷阵雨~阴 , 西南风 , 小于3级
2015-07-25 , 33 , 26 , 雷阵雨~多云 , 西北风 , 小于3级
2015-07-26 , 35 , 26 , 雷阵雨~晴 , 东北风 , 小于3级
2015-07-27 , 37 , 27 , 晴 , 西南风 , 小于3级
2015-07-28 , 38 , 28 , 晴 , 西南风 , 小于3级
2015-07-29 , 38 , 27 , 晴 , 西南风 , 小于3级
2015-07-30 , 36 , 26 , 雷阵雨~晴 , 西南风 , 小于3级
2015-07-31 , 37 , 27 , 晴~多云 , 南风 , 小于3级
2015-08-01 , 38 , 27 , 晴 , 西南风 , 小于3级
2015-08-02 , 38 , 27 , 晴 , 西南风 , 小于3级
2015-08-03 , 38 , 28 , 晴 , 西南风 , 小于3级
2015-08-04 , 39 , 28 , 晴 , 西南风 , 小于3级
2015-08-05 , 38 , 26 , 晴 , 西北风 , 小于3级
2015-08-06 , 38 , 26 , 多云 , 东南风 , 小于3级
2015-08-07 , 34 , 26 , 雷阵雨~阵雨 , 东北风 , 小于3级
2015-08-08 , 32 , 26 , 中雨 , 东北风 , 小于3级
2015-08-09 , 30 , 26 , 中雨~雷阵雨 , 东南风 , 小于3级
2015-08-10 , 30 , 26 , 中到大雨~阵雨 , 西南风 , 小于3级
2015-08-11 , 31 , 25 , 阵雨 , 西北风 , 小于3级
2015-08-12 , 32 , 24 , 多云 , 西南风 , 小于3级
2015-08-13 , 30 , 24 , 雷阵雨~多云 , 东南风 , 小于3级
2015-08-14 , 31 , 24 , 阵雨~阴 , 东北风 , 小于3级
2015-08-15 , 30 , 25 , 雷阵雨~阵雨 , 西北风 , 小于3级
2015-08-16 , 30 , 24 , 阵雨~阴 , 西南风 , 小于3级
2015-08-17 , 32 , 24 , 多云 , 东北风 , 小于3级
2015-08-18 , 32 , 24 , 多云 , 东北风 , 小于3级
2015-08-19 , 32 , 24 , 多云 , 西北风 , 小于3级
2015-08-20 , 33 , 24 , 中雨~中到大雨 , 西北风 , 小于3级
2015-08-21 , 27 , 23 , 阵雨~中雨 , 西北风 , 小于3级
2015-08-22 , 26 , 23 , 中雨 , 西北风 , 小于3级
2015-08-23 , 26 , 23 , 阵雨 , 西北风 , 小于3级
2015-08-24 , 26 , 22 , 阵雨~阴 , 西北风 , 小于3级
2015-08-25 , 30 , 21 , 多云 , 西北风 , 小于3级
2015-08-26 , 30 , 22 , 多云 , 西南风 , 小于3级
2015-08-27 , 31 , 22 , 多云 , 西北风 , 小于3级
2015-08-28 , 31 , 22 , 阵雨 , 西南风 , 小于3级
2015-08-29 , 31 , 22 , 多云 , 西北风 , 小于3级
2015-08-30 , 30 , 22 , 多云 , 东南风 , 小于3级
2015-08-31 , 31 , 22 , 多云 , 东北风 , 小于3级
2015-09-01 , 32 , 23 , 多云 , 西北风 , 小于3级
2015-09-02 , 32 , 23 , 多云 , 西北风 , 小于3级
2015-09-03 , 32 , 23 , 多云 , 东北风 , 小于3级
2015-09-04 , 32 , 25 , 阵雨 , 西南风 , 小于3级
2015-09-05 , 30 , 23 , 中雨~阴 , 西北风 , 小于3级
2015-09-06 , 29 , 22 , 多云 , 西北风 , 小于3级
2015-09-07 , 30 , 22 , 阵雨~多云 , 东北风 , 小于3级
2015-09-08 , 29 , 22 , 多云 , 东南风 , 小于3级
2015-09-09 , 29 , 20 , 多云 , 东北风 , 小于3级
2015-09-10 , 29 , 20 , 多云 , 西北风 , 小于3级
2015-09-11 , 29 , 20 , 晴~多云 , 西北风 , 小于3级
2015-09-12 , 27 , 18 , 阵雨~阴 , 西南风 , 小于3级
2015-09-13 , 26 , 19 , 多云 , 西北风 , 小于3级
2015-09-14 , 25 , 19 , 小雨 , 西北风 , 小于3级
2015-09-15 , 25 , 18 , 小雨~阴 , 西北风 , 小于3级
2015-09-16 , 27 , 19 , 多云~晴 , 西北风 , 小于3级
2015-09-17 , 28 , 18 , 多云 , 西北风 , 小于3级
2015-09-18 , 27 , 19 , 多云~阴 , 西北风 , 小于3级
2015-09-19 , 27 , 20 , 多云~阴 , 东风 , 小于3级
2015-09-20 , 26 , 20 , 阴 , 西南风 , 小于3级
2015-09-21 , 27 , 20 , 阴 , 东北风 , 小于3级
2015-09-22 , 27 , 21 , 阴~阵雨 , 西南风 , 小于3级
2015-09-23 , 26 , 20 , 阵雨~阴 , 西北风 , 小于3级
2015-09-24 , 27 , 20 , 多云~阴 , 西南风 , 小于3级
2015-09-25 , 25 , 20 , 阵雨~阴 , 西北风 , 小于3级
2015-09-26 , 27 , 19 , 多云 , 东南风 , 小于3级
2015-09-27 , 27 , 19 , 多云 , 东北风 , 小于3级
2015-09-28 , 26 , 21 , 阴~阵雨 , 东北风 , 小于3级
2015-09-29 , 24 , 22 , 中到大雨~中雨 , 东北风 , 小于3级
2015-09-30 , 29 , 21 , 阵雨~中雨 , 西南风 , 小于3级
2015-10-01 , 26 , 16 , 小雨~多云 , 西北风 , 小于3级
2015-10-02 , 24 , 13 , 晴 , 西南风 , 小于3级
2015-10-03 , 27 , 17 , 晴~多云 , 西北风 , 小于3级
2015-10-04 , 24 , 20 , 阵雨 , 西北风 , 小于3级
2015-10-05 , 21 , 19 , 阵雨 , 西北风 , 小于3级
2015-10-06 , 23 , 18 , 小雨~阵雨 , 东北风 , 小于3级
2015-10-07 , 23 , 19 , 小雨 , 南风 , 小于3级
2015-10-08 , 22 , 17 , 小雨~阴 , 东北风 , 小于3级
2015-10-09 , 23 , 16 , 多云 , 西南风 , 小于3级
2015-10-10 , 24 , 13 , 多云~晴 , 西北风 , 小于3级
2015-10-11 , 23 , 13 , 晴 , 西北风 , 小于3级
2015-10-12 , 23 , 13 , 晴 , 西南风 , 小于3级
2015-10-13 , 24 , 14 , 晴 , 西南风 , 小于3级
2015-10-14 , 24 , 14 , 多云~晴 , 西北风 , 小于3级
2015-10-15 , 26 , 14 , 晴 , 西北风 , 小于3级
2015-10-16 , 26 , 14 , 晴 , 东北风 , 小于3级
2015-10-17 , 25 , 14 , 晴 , 东北风 , 小于3级
2015-10-18 , 24 , 15 , 多云 , 西北风 , 小于3级
2015-10-19 , 24 , 16 , 多云 , 东北风 , 小于3级
2015-10-20 , 23 , 16 , 阴 , 东北风 , 小于3级
2015-10-21 , 26 , 17 , 多云 , 东南风 , 小于3级
2015-10-22 , 25 , 17 , 多云 , 东南风 , 小于3级
2015-10-23 , 25 , 19 , 阴 , 东北风 , 小于3级
2015-10-24 , 25 , 18 , 多云 , 东南风 , 小于3级
2015-10-25 , 26 , 19 , 多云 , 东北风 , 小于3级
2015-10-26 , 27 , 16 , 多云~阵雨 , 西北风 , 小于3级
2015-10-27 , 22 , 12 , 阴~多云 , 西北风 , 小于3级
2015-10-28 , 21 , 16 , 多云~阵雨 , 东南风 , 小于3级
2015-10-29 , 17 , 14 , 中雨~阵雨 , 西北风 , 小于3级
2015-10-30 , 16 , 12 , 小雨~阴 , 东北风 , 小于3级
2015-10-31 , 17 , 11 , 阴~阵雨 , 西北风 , 小于3级
2015-11-01 , 16 , 9 , 小雨~多云 , 西南风 , 小于3级
2015-11-02 , 19 , 9 , 晴 , 西南风 , 小于3级
2015-11-03 , 20 , 13 , 多云 , 东南风 , 小于3级
2015-11-04 , 20 , 16 , 阵雨~阴 , 西南风 , 小于3级
2015-11-05 , 20 , 16 , 阵雨~阴 , 东北风 , 小于3级
2015-11-06 , 28 , 18 , 多云~阴 , 东南风 , 小于3级
2015-11-07 , 26 , 16 , 阵雨 , 东北风 , 小于3级
2015-11-08 , 15 , 11 , 中雨~小雨 , 北风 , 小于3级
2015-11-09 , 16 , 10 , 阴~多云 , 西北风 , 小于3级
2015-11-10 , 16 , 10 , 多云~阴 , 西北风 , 小于3级
2015-11-11 , 17 , 13 , 阵雨 , 西北风 , 小于3级
2015-11-12 , 15 , 13 , 阵雨 , 南风 , 小于3级
2015-11-13 , 17 , 14 , 小雨~阴 , 西北风 , 小于3级
2015-11-14 , 18 , 13 , 阴~多云 , 西南风 , 小于3级
2015-11-15 , 20 , 15 , 阴~阵雨 , 西北风 , 小于3级
2015-11-16 , 21 , 15 , 阵雨~中雨 , 东北风 , 小于3级
2015-11-17 , 16 , 15 , 中雨~阵雨 , 东北风 , 小于3级
2015-11-18 , 16 , 13 , 阵雨 , 东北风 , 小于3级
2015-11-19 , 16 , 13 , 小雨 , 东北风 , 小于3级
2015-11-20 , 16 , 13 , 小到中雨 , 东北风 , 小于3级
2015-11-21 , 16 , 14 , 阵雨~小雨 , 西北风 , 小于3级
2015-11-22 , 18 , 15 , 小雨 , 西南风 , 小于3级
2015-11-23 , 19 , 14 , 阴~小雨 , 无持续风向 , 小于3级
2015-11-24 , 15 , 8 , 小雨~小到中雨 , 西北风 , 小于3级
2015-11-25 , 8 , 2 , 阴~多云 , 西北风 , 小于3级
2015-11-26 , 7 , -2 , 晴 , 西北风 , 小于3级
2015-11-27 , 9 , 1 , 晴~多云 , 东风 , 小于3级
2015-11-28 , 11 , 7 , 多云~小雨 , 南风 , 小于3级
2015-11-29 , 12 , 6 , 小雨~阴 , 西南风 , 小于3级
2015-11-30 , 15 , 8 , 多云 , 西北风 , 小于3级
2015-12-01 , 18 , 11 , 多云~小雨 , 东南风 , 小于3级
2015-12-02 , 13 , 5 , 小雨~多云 , 西北风 , 小于3级
2015-12-03 , 13 , 2 , 晴 , 西北风 , 小于3级
2015-12-04 , 11 , 5 , 多云~小雨 , 东北风 , 小于3级
2015-12-05 , 7 , 3 , 中雨~小雨 , 西北风 , 小于3级
2015-12-06 , 6 , 2 , 阴~多云 , 西南风 , 小于3级
2015-12-07 , 12 , 4 , 多云 , 西南风 , 小于3级
2015-12-08 , 13 , 4 , 多云 , 东南风 , 小于3级
2015-12-09 , 12 , 9 , 小雨~小到中雨 , 东北风 , 小于3级
2015-12-10 , 12 , 9 , 小雨~阴 , 西北风 , 小于3级
2015-12-11 , 12 , 6 , 阴 , 东北风 , 小于3级
2015-12-12 , 12 , 5 , 多云~阴 , 西北风 , 小于3级
2015-12-13 , 9 , 6 , 小雨 , 西北风 , 小于3级
2015-12-14 , 9 , 6 , 阴~小雨 , 西北风 , 小于3级
2015-12-15 , 11 , 3 , 阴 , 西北风 , 小于3级
2015-12-16 , 8 , -1 , 晴 , 西北风 , 小于3级
2015-12-17 , 6 , -2 , 晴 , 西北风 , 小于3级
2015-12-18 , 8 , 1 , 晴~多云 , 东北风 , 小于3级
2015-12-19 , 11 , 3 , 多云~阴 , 西北风 , 小于3级
2015-12-20 , 12 , 8 , 小雨~阴 , 西北风 , 小于3级
2015-12-21 , 12 , 8 , 多云~阴 , 西北风 , 小于3级
2015-12-22 , 12 , 9 , 小雨 , 西北风 , 小于3级
2015-12-23 , 12 , 9 , 小雨 , 西北风 , 小于3级
2015-12-24 , 11 , 7 , 小雨 , 西北风 , 小于3级
2015-12-25 , 11 , 4 , 小雨~多云 , 西南风 , 小于3级
2015-12-26 , 14 , 7 , 多云~阴 , 东南风 , 小于3级
2015-12-27 , 12 , 6 , 阴 , 东北风 , 小于3级
2015-12-28 , 9 , 4 , 多云 , 西北风 , 小于3级
2015-12-29 , 11 , 4 , 多云 , 西南风 , 小于3级
2015-12-30 , 13 , 3 , 晴~多云 , 东北风 , 小于3级
2015-12-31 , 11 , 3 , 晴 , 西北风 , 小于3级
2016-01-01 , 12 , 4 , 多云 , 西南风 , 小于3级
2016-01-02 , 16 , 8 , 多云~小雨 , 南风 , 小于3级
2016-01-03 , 18 , 10 , 多云~小雨 , 西北风 , 小于3级
2016-01-04 , 13 , 9 , 小雨~小到中雨 , 东北风 , 小于3级
2016-01-05 , 11 , 7 , 中雨~小雨 , 西北风 , 小于3级
2016-01-06 , 9 , 5 , 小雨~阴 , 西北风 , 小于3级
2016-01-07 , 9 , 5 , 阴~小雨 , 西北风 , 小于3级
2016-01-08 , 9 , 2 , 阴~多云 , 西南风 , 小于3级
2016-01-09 , 9 , 4 , 多云~小雨 , 东北风 , 小于3级
2016-01-10 , 9 , 6 , 小雨 , 东北风 , 小于3级
2016-01-11 , 7 , 4 , 小雨 , 西北风 , 小于3级
2016-01-12 , 6 , 1 , 阴 , 西北风 , 小于3级
2016-01-13 , 7 , 1 , 多云 , 东北风 , 小于3级
2016-01-14 , 8 , 3 , 多云~阴 , 东南风 , 小于3级
2016-01-15 , 11 , 3 , 多云 , 南风 , 小于3级
2016-01-16 , 11 , 6 , 多云~小雨 , 东北风 , 小于3级
2016-01-17 , 7 , 2 , 小雨~多云 , 西南风 , 小于3级
2016-01-18 , 7 , -1 , 多云 , 西北风 , 小于3级
2016-01-19 , 6 , -2 , 多云 , 西北风 , 小于3级
2016-01-20 , 6 , 0 , 雨夹雪 , 东北风 , 小于3级
2016-01-21 , 1 , 1 , 中雪~大雪 , 西北风 , 小于3级
2016-01-22 , 1 , -3 , 大雪~中雪 , 西北风 , 小于3级
2016-01-23 , 0 , -8 , 小雪~多云 , 西北风 , 小于3级
2016-01-24 , -3 , -9 , 晴 , 西南风 , 小于3级
2016-01-25 , 2 , -8 , 晴 , 西南风 , 小于3级
2016-01-26 , 7 , -2 , 晴~阴 , 南风 , 小于3级
2016-01-27 , 7 , 3 , 小雨 , 西南风 , 小于3级
2016-01-28 , 8 , 4 , 小雨~中雨 , 西北风 , 小于3级
2016-01-29 , 6 , 3 , 小雨 , 西北风 , 小于3级
2016-01-30 , 6 , 1 , 小雨~阴 , 西北风 , 小于3级
2016-01-31 , 5 , 0 , 小雨~小雪 , 西北风 , 小于3级
2016-02-01 , 2 , -2 , 阴 , 西北风 , 小于3级
2016-02-02 , 3 , -1 , 多云 , 西南风 , 小于3级
2016-02-03 , 7 , -1 , 晴~多云 , 南风 , 小于3级
2016-02-04 , 7 , 1 , 雨夹雪~阴 , 西北风 , 小于3级
2016-02-05 , 9 , 0 , 多云~晴 , 西北风 , 小于3级
2016-02-06 , 7 , -2 , 晴 , 西北风 , 小于3级
2016-02-07 , 10 , 1 , 晴 , 西南风 , 小于3级
2016-02-08 , 15 , 3 , 晴 , 西南风 , 小于3级
2016-02-09 , 19 , 6 , 晴 , 西北风 , 小于3级
2016-02-10 , 22 , 11 , 多云~阵雨 , 西南风 , 小于3级
2016-02-11 , 22 , 12 , 小雨~多云 , 东南风 , 小于3级
2016-02-12 , 24 , 12 , 多云~阵雨 , 西南风 , 小于3级
2016-02-13 , 18 , 3 , 小雨 , 西北风 , 小于3级
2016-02-14 , 5 , 0 , 小雨~阴 , 西北风 , 小于3级
2016-02-15 , 7 , -1 , 晴 , 西北风 , 小于3级
2016-02-16 , 12 , 1 , 晴 , 西北风 , 小于3级
2016-02-17 , 13 , 4 , 晴~多云 , 东南风 , 小于3级
2016-02-18 , 18 , 6 , 晴~多云 , 西北风 , 小于3级
2016-02-19 , 13 , 5 , 阴 , 东北风 , 小于3级
2016-02-20 , 13 , 2 , 多云 , 西南风 , 小于3级
2016-02-21 , 13 , 4 , 多云~阵雨 , 东南风 , 小于3级
2016-02-22 , 8 , 5 , 中雨~小雨 , 西北风 , 小于3级
2016-02-23 , 10 , 4 , 阴 , 西北风 , 小于3级
2016-02-24 , 9 , 1 , 多云 , 东南风 , 小于3级
2016-02-25 , 13 , 4 , 多云 , 南风 , 小于3级
2016-02-26 , 17 , 6 , 多云 , 西南风 , 小于3级
2016-02-27 , 20 , 7 , 晴 , 东南风 , 小于3级
2016-02-28 , 22 , 4 , 多云~阵雨 , 西北风 , 小于3级
2016-02-29 , 14 , 1 , 晴 , 东北风 , 小于3级
